source_metrics_path,target,split_col,run_family,model,split,accuracy,macro_f1,positive_f1,precision,recall,roc_auc,pr_auc,weighted_f1
/home/jovyan/MethodKG_Clean/experiments/text_only/text_only_all/design_binary/cold_start_institution_cluster_safe/classical/metrics_summary.csv,design_binary,cold_start_institution_cluster_safe,classical,regex,train,0.1824234354194407,0.1740387064930102,0.0908193484698914,0.989247311827957,0.0475944128297982,0.5222347064148991,0.8642153568895439,
/home/jovyan/MethodKG_Clean/experiments/text_only/text_only_all/design_binary/cold_start_institution_cluster_safe/classical/metrics_summary.csv,design_binary,cold_start_institution_cluster_safe,classical,regex,validation,0.2706766917293233,0.2258625862586258,0.0396039603960396,1.0,0.0202020202020202,0.51010101010101,0.7495253284726969,
/home/jovyan/MethodKG_Clean/experiments/text_only/text_only_all/design_binary/cold_start_institution_cluster_safe/classical/metrics_summary.csv,design_binary,cold_start_institution_cluster_safe,classical,regex,test,0.1929824561403508,0.180625,0.08,1.0,0.0416666666666666,0.5208333333333334,0.8486842105263157,
/home/jovyan/MethodKG_Clean/experiments/text_only/text_only_all/design_binary/cold_start_institution_cluster_safe/classical/metrics_summary.csv,design_binary,cold_start_institution_cluster_safe,classical,tfidf_lr,train,0.9502885042166,0.910614493476462,0.97016515716569,1.0,0.942058975685463,0.9987519399896532,0.9997929958015446,
/home/jovyan/MethodKG_Clean/experiments/text_only/text_only_all/design_binary/cold_start_institution_cluster_safe/classical/metrics_summary.csv,design_binary,cold_start_institution_cluster_safe,classical,tfidf_lr,validation,0.8270676691729323,0.7864572425828971,0.8795811518324608,0.9130434782608696,0.8484848484848485,0.8755199049316696,0.9562538190409006,
/home/jovyan/MethodKG_Clean/experiments/text_only/text_only_all/design_binary/cold_start_institution_cluster_safe/classical/metrics_summary.csv,design_binary,cold_start_institution_cluster_safe,classical,tfidf_lr,test,0.8070175438596491,0.7097222222222221,0.8777777777777778,0.9404761904761904,0.8229166666666666,0.8813657407407407,0.9763663531282504,
/home/jovyan/MethodKG_Clean/experiments/text_only/text_only_all/design_binary/cold_start_institution_cluster_safe/classical/metrics_summary.csv,design_binary,cold_start_institution_cluster_safe,classical,tfidf_svm,train,0.9986684420772304,0.9972788858206963,0.9992234015014236,1.0,0.9984480082772892,1.0,1.0,
/home/jovyan/MethodKG_Clean/experiments/text_only/text_only_all/design_binary/cold_start_institution_cluster_safe/classical/metrics_summary.csv,design_binary,cold_start_institution_cluster_safe,classical,tfidf_svm,validation,0.8270676691729323,0.7658629927286644,0.8855721393034826,0.8725490196078431,0.898989898989899,0.8868092691622105,0.9606549376740664,
/home/jovyan/MethodKG_Clean/experiments/text_only/text_only_all/design_binary/cold_start_institution_cluster_safe/classical/metrics_summary.csv,design_binary,cold_start_institution_cluster_safe,classical,tfidf_svm,test,0.8508771929824561,0.7472283813747228,0.9090909090909092,0.934065934065934,0.8854166666666666,0.8883101851851852,0.9775950769834938,
/home/jovyan/MethodKG_Clean/experiments/text_only/text_only_all/design_binary/cold_start_institution_cluster_safe/classical/metrics_summary.csv,design_binary,cold_start_institution_cluster_safe,classical,frozen_embedding_lr,train,0.9280958721704394,0.8764083219331157,0.95633423180593,0.9983117613956106,0.9177444386963268,0.9791046947749612,0.9967363408656936,
/home/jovyan/MethodKG_Clean/experiments/text_only/text_only_all/design_binary/cold_start_institution_cluster_safe/classical/metrics_summary.csv,design_binary,cold_start_institution_cluster_safe,classical,frozen_embedding_lr,validation,0.7443609022556391,0.6817286036036037,0.8229166666666666,0.8494623655913979,0.797979797979798,0.7260843731431967,0.8613308056048854,
/home/jovyan/MethodKG_Clean/experiments/text_only/text_only_all/design_binary/cold_start_institution_cluster_safe/classical/metrics_summary.csv,design_binary,cold_start_institution_cluster_safe,classical,frozen_embedding_lr,test,0.7456140350877193,0.6230760460608824,0.8379888268156425,0.9036144578313252,0.78125,0.7378472222222222,0.9341053292897608,
/home/jovyan/MethodKG_Clean/experiments/text_only/text_only_all/design_binary/cold_start_institution_cluster_safe/classical/metrics_summary.csv,design_binary,cold_start_institution_cluster_safe,classical,frozen_embedding_mlp,train,0.964935641367066,0.9217203603061572,0.9798828622358036,0.9648946840521564,0.9953440248318676,0.986972969477496,0.997704393863906,
/home/jovyan/MethodKG_Clean/experiments/text_only/text_only_all/design_binary/cold_start_institution_cluster_safe/classical/metrics_summary.csv,design_binary,cold_start_institution_cluster_safe,classical,frozen_embedding_mlp,validation,0.7593984962406015,0.605925925925926,0.8518518518518519,0.7863247863247863,0.9292929292929292,0.826797385620915,0.940836747846094,
/home/jovyan/MethodKG_Clean/experiments/text_only/text_only_all/design_binary/cold_start_institution_cluster_safe/classical/metrics_summary.csv,design_binary,cold_start_institution_cluster_safe,classical,frozen_embedding_mlp,test,0.8508771929824561,0.6641829838849419,0.914572864321608,0.883495145631068,0.9479166666666666,0.8078703703703705,0.9570623073384202,
/home/jovyan/MethodKG_Clean/experiments/text_only/text_only_all/design_binary/cold_start_pi_cluster_safe/classical/metrics_summary.csv,design_binary,cold_start_pi_cluster_safe,classical,regex,train,0.1971181556195965,0.1865237573211364,0.0936890045543266,0.9863013698630136,0.0491803278688524,0.5227451454842418,0.8508121002516841,
/home/jovyan/MethodKG_Clean/experiments/text_only/text_only_all/design_binary/cold_start_pi_cluster_safe/classical/metrics_summary.csv,design_binary,cold_start_pi_cluster_safe,classical,regex,validation,0.1575,0.1530482096519832,0.091644204851752,1.0,0.0480225988700565,0.5240112994350282,0.8905225988700565,
/home/jovyan/MethodKG_Clean/experiments/text_only/text_only_all/design_binary/cold_start_pi_cluster_safe/classical/metrics_summary.csv,design_binary,cold_start_pi_cluster_safe,classical,regex,test,0.1753424657534246,0.1620331174824001,0.0564263322884012,1.0,0.0290322580645161,0.5145161290322581,0.8536897923110914,
/home/jovyan/MethodKG_Clean/experiments/text_only/text_only_all/design_binary/cold_start_pi_cluster_safe/classical/metrics_summary.csv,design_binary,cold_start_pi_cluster_safe,classical,tfidf_lr,train,0.9613832853025936,0.9332825972293726,0.9765816148199932,1.0,0.9542349726775956,0.9991606678361864,0.999845021377026,
/home/jovyan/MethodKG_Clean/experiments/text_only/text_only_all/design_binary/cold_start_pi_cluster_safe/classical/metrics_summary.csv,design_binary,cold_start_pi_cluster_safe,classical,tfidf_lr,validation,0.8875,0.7715011107584894,0.9343065693430656,0.9667673716012084,0.903954802259887,0.9258781626136084,0.99014376495388,
/home/jovyan/MethodKG_Clean/experiments/text_only/text_only_all/design_binary/cold_start_pi_cluster_safe/classical/metrics_summary.csv,design_binary,cold_start_pi_cluster_safe,classical,tfidf_lr,test,0.8821917808219178,0.7924628099173554,0.9289256198347108,0.952542372881356,0.9064516129032258,0.9289149560117302,0.9875717876570476,
/home/jovyan/MethodKG_Clean/experiments/text_only/text_only_all/design_binary/cold_start_pi_cluster_safe/classical/metrics_summary.csv,design_binary,cold_start_pi_cluster_safe,classical,tfidf_svm,train,1.0,1.0,1.0,1.0,1.0,1.0,1.0,
/home/jovyan/MethodKG_Clean/experiments/text_only/text_only_all/design_binary/cold_start_pi_cluster_safe/classical/metrics_summary.csv,design_binary,cold_start_pi_cluster_safe,classical,tfidf_svm,validation,0.89,0.7191011235955056,0.9382022471910112,0.9329608938547486,0.943502824858757,0.9312208302628346,0.9909537752947208,
/home/jovyan/MethodKG_Clean/experiments/text_only/text_only_all/design_binary/cold_start_pi_cluster_safe/classical/metrics_summary.csv,design_binary,cold_start_pi_cluster_safe,classical,tfidf_svm,test,0.8712328767123287,0.7299658423712005,0.9252782193958664,0.9122257053291536,0.9387096774193548,0.9306744868035188,0.987970426616459,
/home/jovyan/MethodKG_Clean/experiments/text_only/text_only_all/design_binary/cold_start_pi_cluster_safe/classical/metrics_summary.csv,design_binary,cold_start_pi_cluster_safe,classical,frozen_embedding_lr,train,0.94178674351585,0.9033660179917272,0.9642983386355602,0.9992673992673992,0.9316939890710384,0.9842190430101022,0.9973355857378844,
/home/jovyan/MethodKG_Clean/experiments/text_only/text_only_all/design_binary/cold_start_pi_cluster_safe/classical/metrics_summary.csv,design_binary,cold_start_pi_cluster_safe,classical,frozen_embedding_lr,validation,0.8275,0.6811423422174471,0.8971684053651267,0.9495268138801262,0.8502824858757062,0.850773765659543,0.9737971491879658,
/home/jovyan/MethodKG_Clean/experiments/text_only/text_only_all/design_binary/cold_start_pi_cluster_safe/classical/metrics_summary.csv,design_binary,cold_start_pi_cluster_safe,classical,frozen_embedding_lr,test,0.7917808219178082,0.64000207641196,0.8737541528239202,0.9006849315068494,0.8483870967741935,0.769032258064516,0.9400263276013394,
/home/jovyan/MethodKG_Clean/experiments/text_only/text_only_all/design_binary/cold_start_pi_cluster_safe/classical/metrics_summary.csv,design_binary,cold_start_pi_cluster_safe,classical,frozen_embedding_mlp,train,0.9746397694524496,0.9494303126656068,0.9851351351351352,0.9745989304812834,0.9959016393442623,0.994316234145948,0.998914980750888,
/home/jovyan/MethodKG_Clean/experiments/text_only/text_only_all/design_binary/cold_start_pi_cluster_safe/classical/metrics_summary.csv,design_binary,cold_start_pi_cluster_safe,classical,frozen_embedding_mlp,validation,0.9125,0.7224370031126708,0.9521203830369356,0.9230769230769232,0.9830508474576272,0.8796978629329404,0.9814621500963404,
/home/jovyan/MethodKG_Clean/experiments/text_only/text_only_all/design_binary/cold_start_pi_cluster_safe/classical/metrics_summary.csv,design_binary,cold_start_pi_cluster_safe,classical,frozen_embedding_mlp,test,0.8575342465753425,0.635,0.92,0.8794117647058823,0.964516129032258,0.8315542521994135,0.96615385579204,
/home/jovyan/MethodKG_Clean/experiments/text_only/text_only_all/design_binary/cross_program_cluster_safe/classical/metrics_summary.csv,design_binary,cross_program_cluster_safe,classical,regex,train,0.1741472172351885,0.1674383994748967,0.0927021696252465,0.9894736842105264,0.0486290739782721,0.5226196217348988,0.8735211387197274,
/home/jovyan/MethodKG_Clean/experiments/text_only/text_only_all/design_binary/cross_program_cluster_safe/classical/metrics_summary.csv,design_binary,cross_program_cluster_safe,classical,regex,validation,0.2222222222222222,0.1818181818181818,0.0,0.0,0.0,0.5,0.7777777777777778,
/home/jovyan/MethodKG_Clean/experiments/text_only/text_only_all/design_binary/cross_program_cluster_safe/classical/metrics_summary.csv,design_binary,cross_program_cluster_safe,classical,regex,test,0.3165137614678899,0.2584526174006347,0.0509554140127388,1.0,0.0261437908496732,0.5130718954248366,0.7096300293817833,
/home/jovyan/MethodKG_Clean/experiments/text_only/text_only_all/design_binary/cross_program_cluster_safe/classical/metrics_summary.csv,design_binary,cross_program_cluster_safe,classical,tfidf_lr,train,0.9573608617594256,0.918060805958651,0.9748077433041632,1.0,0.9508535954474908,0.9991635027664032,0.9998721675548627,
/home/jovyan/MethodKG_Clean/experiments/text_only/text_only_all/design_binary/cross_program_cluster_safe/classical/metrics_summary.csv,design_binary,cross_program_cluster_safe,classical,tfidf_lr,validation,0.7407407407407407,0.676923076923077,0.8205128205128205,0.8888888888888888,0.7619047619047619,0.8035714285714286,0.9446191632720414,
/home/jovyan/MethodKG_Clean/experiments/text_only/text_only_all/design_binary/cross_program_cluster_safe/classical/metrics_summary.csv,design_binary,cross_program_cluster_safe,classical,tfidf_lr,test,0.7614678899082569,0.7175039872408293,0.8289473684210527,0.8344370860927153,0.8235294117647058,0.8390145801910507,0.932222460041484,
/home/jovyan/MethodKG_Clean/experiments/text_only/text_only_all/design_binary/cross_program_cluster_safe/classical/metrics_summary.csv,design_binary,cross_program_cluster_safe,classical,tfidf_svm,train,0.9991023339317774,0.9980520116389682,0.9994824016563147,1.0,0.9989653388515262,1.0,1.0,
/home/jovyan/MethodKG_Clean/experiments/text_only/text_only_all/design_binary/cross_program_cluster_safe/classical/metrics_summary.csv,design_binary,cross_program_cluster_safe,classical,tfidf_svm,validation,0.7037037037037037,0.5947467166979362,0.8048780487804879,0.825,0.7857142857142857,0.7996031746031746,0.9401304311481656,
/home/jovyan/MethodKG_Clean/experiments/text_only/text_only_all/design_binary/cross_program_cluster_safe/classical/metrics_summary.csv,design_binary,cross_program_cluster_safe,classical,tfidf_svm,test,0.7798165137614679,0.7081985499163412,0.852760736196319,0.8034682080924855,0.9084967320261438,0.8377073906485671,0.9308273367664964,
/home/jovyan/MethodKG_Clean/experiments/text_only/text_only_all/design_binary/cross_program_cluster_safe/classical/metrics_summary.csv,design_binary,cross_program_cluster_safe,classical,frozen_embedding_lr,train,0.9290843806104128,0.8722601303148138,0.9574582660204632,0.9983155530600786,0.9198137609932748,0.9801888695011708,0.9971502318258468,
/home/jovyan/MethodKG_Clean/experiments/text_only/text_only_all/design_binary/cross_program_cluster_safe/classical/metrics_summary.csv,design_binary,cross_program_cluster_safe,classical,frozen_embedding_lr,validation,0.6851851851851852,0.5993016150152771,0.7848101265822784,0.8378378378378378,0.7380952380952381,0.6646825396825397,0.8902863618387825,
/home/jovyan/MethodKG_Clean/experiments/text_only/text_only_all/design_binary/cross_program_cluster_safe/classical/metrics_summary.csv,design_binary,cross_program_cluster_safe,classical,frozen_embedding_lr,test,0.7247706422018348,0.6866915780396665,0.7959183673469388,0.8297872340425532,0.7647058823529411,0.7536450477626949,0.8798762836697533,
/home/jovyan/MethodKG_Clean/experiments/text_only/text_only_all/design_binary/cross_program_cluster_safe/classical/metrics_summary.csv,design_binary,cross_program_cluster_safe,classical,frozen_embedding_mlp,train,0.9789048473967684,0.953075294354884,0.9878897191445504,0.9840862422997948,0.991722710812209,0.9903460853858496,0.9983849497029278,
/home/jovyan/MethodKG_Clean/experiments/text_only/text_only_all/design_binary/cross_program_cluster_safe/classical/metrics_summary.csv,design_binary,cross_program_cluster_safe,classical,frozen_embedding_mlp,validation,0.7777777777777778,0.6,0.8666666666666667,0.8125,0.9285714285714286,0.7460317460317462,0.9206577001642688,
/home/jovyan/MethodKG_Clean/experiments/text_only/text_only_all/design_binary/cross_program_cluster_safe/classical/metrics_summary.csv,design_binary,cross_program_cluster_safe,classical,frozen_embedding_mlp,test,0.7522935779816514,0.6393382352941177,0.8411764705882353,0.7647058823529411,0.934640522875817,0.7909502262443439,0.907141611754872,
/home/jovyan/MethodKG_Clean/experiments/text_only/text_only_all/design_binary/edu_to_eng_cluster_safe/classical/metrics_summary.csv,design_binary,edu_to_eng_cluster_safe,classical,regex,train,0.1759259259259259,0.166523996878367,0.0780012187690432,0.9846153846153848,0.0406091370558375,0.5183814916048418,0.8635137928658382,
/home/jovyan/MethodKG_Clean/experiments/text_only/text_only_all/design_binary/edu_to_eng_cluster_safe/classical/metrics_summary.csv,design_binary,edu_to_eng_cluster_safe,classical,regex,validation,0.1925465838509316,0.1854763387297633,0.1095890410958904,1.0,0.0579710144927536,0.5289855072463768,0.865424430641822,
/home/jovyan/MethodKG_Clean/experiments/text_only/text_only_all/design_binary/edu_to_eng_cluster_safe/classical/metrics_summary.csv,design_binary,edu_to_eng_cluster_safe,classical,regex,test,0.2456140350877192,0.2304552590266876,0.1224489795918367,1.0,0.0652173913043478,0.532608695652174,0.8196033562166285,
/home/jovyan/MethodKG_Clean/experiments/text_only/text_only_all/design_binary/edu_to_eng_cluster_safe/classical/metrics_summary.csv,design_binary,edu_to_eng_cluster_safe,classical,tfidf_lr,train,0.9553376906318084,0.9185386388477064,0.9732899022801303,1.0,0.9479695431472082,0.9991434010152284,0.999858312489204,
/home/jovyan/MethodKG_Clean/experiments/text_only/text_only_all/design_binary/edu_to_eng_cluster_safe/classical/metrics_summary.csv,design_binary,edu_to_eng_cluster_safe,classical,tfidf_lr,validation,0.8664596273291926,0.734522097593711,0.9216757741347904,0.9267399267399268,0.9166666666666666,0.9247794580970384,0.9873829208735546,
/home/jovyan/MethodKG_Clean/experiments/text_only/text_only_all/design_binary/edu_to_eng_cluster_safe/classical/metrics_summary.csv,design_binary,edu_to_eng_cluster_safe,classical,tfidf_lr,test,0.8450292397660819,0.7768915475794838,0.9001883239171374,0.9372549019607844,0.8659420289855072,0.908102766798419,0.9758693915248562,
/home/jovyan/MethodKG_Clean/experiments/text_only/text_only_all/design_binary/edu_to_eng_cluster_safe/classical/metrics_summary.csv,design_binary,edu_to_eng_cluster_safe,classical,tfidf_svm,train,1.0,1.0,1.0,1.0,1.0,1.0,1.0,
/home/jovyan/MethodKG_Clean/experiments/text_only/text_only_all/design_binary/edu_to_eng_cluster_safe/classical/metrics_summary.csv,design_binary,edu_to_eng_cluster_safe,classical,tfidf_svm,validation,0.8850931677018633,0.7330794219782681,0.9345132743362832,0.9134948096885812,0.9565217391304348,0.9198172652804032,0.9864890819012152,
/home/jovyan/MethodKG_Clean/experiments/text_only/text_only_all/design_binary/edu_to_eng_cluster_safe/classical/metrics_summary.csv,design_binary,edu_to_eng_cluster_safe,classical,tfidf_svm,test,0.8713450292397661,0.7805262236742314,0.9217081850533808,0.9055944055944056,0.9384057971014492,0.9058519982433024,0.9745976932517284,
/home/jovyan/MethodKG_Clean/experiments/text_only/text_only_all/design_binary/edu_to_eng_cluster_safe/classical/metrics_summary.csv,design_binary,edu_to_eng_cluster_safe,classical,frozen_embedding_lr,train,0.9438997821350764,0.9001895315862227,0.966240576860046,0.9993220338983052,0.9352791878172588,0.9879051151893792,0.9981261992856778,
/home/jovyan/MethodKG_Clean/experiments/text_only/text_only_all/design_binary/edu_to_eng_cluster_safe/classical/metrics_summary.csv,design_binary,edu_to_eng_cluster_safe,classical,frozen_embedding_lr,validation,0.8385093167701864,0.6971275595108892,0.904059040590406,0.9210526315789472,0.8876811594202898,0.8254568367989918,0.9658219099197388,
/home/jovyan/MethodKG_Clean/experiments/text_only/text_only_all/design_binary/edu_to_eng_cluster_safe/classical/metrics_summary.csv,design_binary,edu_to_eng_cluster_safe,classical,frozen_embedding_lr,test,0.7865497076023392,0.6381896439285248,0.8698752228163993,0.856140350877193,0.8840579710144928,0.7600461133069829,0.9289040925130452,
/home/jovyan/MethodKG_Clean/experiments/text_only/text_only_all/design_binary/edu_to_eng_cluster_safe/classical/metrics_summary.csv,design_binary,edu_to_eng_cluster_safe,classical,frozen_embedding_mlp,train,0.9863834422657952,0.9715837156737166,0.9920911104080988,0.9892744479495268,0.9949238578680204,0.99156579461148,0.9984518877999042,
/home/jovyan/MethodKG_Clean/experiments/text_only/text_only_all/design_binary/edu_to_eng_cluster_safe/classical/metrics_summary.csv,design_binary,edu_to_eng_cluster_safe,classical,frozen_embedding_mlp,validation,0.8664596273291926,0.6510144927536232,0.925217391304348,0.8896321070234113,0.9637681159420288,0.8799621928166351,0.9787156304368362,
/home/jovyan/MethodKG_Clean/experiments/text_only/text_only_all/design_binary/edu_to_eng_cluster_safe/classical/metrics_summary.csv,design_binary,edu_to_eng_cluster_safe,classical,frozen_embedding_mlp,test,0.8304093567251462,0.6711538461538462,0.9,0.8585526315789473,0.9456521739130436,0.8394268774703558,0.9437229308501388,
/home/jovyan/MethodKG_Clean/experiments/text_only/text_only_all/design_binary/random_cluster_stratified/classical/metrics_summary.csv,design_binary,random_cluster_stratified,classical,regex,train,0.1851428571428571,0.1750042315952056,0.0835475578406169,0.9848484848484848,0.0436241610738255,0.5198890036138358,0.8572489032220576,
/home/jovyan/MethodKG_Clean/experiments/text_only/text_only_all/design_binary/random_cluster_stratified/classical/metrics_summary.csv,design_binary,random_cluster_stratified,classical,regex,validation,0.1835106382978723,0.1726905903516882,0.078078078078078,1.0,0.040625,0.5203125,0.8571143617021276,
/home/jovyan/MethodKG_Clean/experiments/text_only/text_only_all/design_binary/random_cluster_stratified/classical/metrics_summary.csv,design_binary,random_cluster_stratified,classical,regex,test,0.2032085561497326,0.1957569634867946,0.1183431952662721,1.0,0.0628930817610062,0.5314465408805031,0.8596845256112736,
/home/jovyan/MethodKG_Clean/experiments/text_only/text_only_all/design_binary/random_cluster_stratified/classical/metrics_summary.csv,design_binary,random_cluster_stratified,classical,tfidf_lr,train,0.96,0.9286504746927602,0.9759450171821306,1.0,0.953020134228188,0.9995637583892618,0.9999236846028092,
/home/jovyan/MethodKG_Clean/experiments/text_only/text_only_all/design_binary/random_cluster_stratified/classical/metrics_summary.csv,design_binary,random_cluster_stratified,classical,tfidf_lr,validation,0.8670212765957447,0.7585781795767413,0.9203821656050956,0.9383116883116884,0.903125,0.9272321428571428,0.9873550345944742,
/home/jovyan/MethodKG_Clean/experiments/text_only/text_only_all/design_binary/random_cluster_stratified/classical/metrics_summary.csv,design_binary,random_cluster_stratified,classical,tfidf_lr,test,0.8903743315508021,0.8030947030497593,0.9341894060995184,0.9540983606557376,0.9150943396226416,0.8961141060197665,0.9792779847880716,
/home/jovyan/MethodKG_Clean/experiments/text_only/text_only_all/design_binary/random_cluster_stratified/classical/metrics_summary.csv,design_binary,random_cluster_stratified,classical,tfidf_svm,train,1.0,1.0,1.0,1.0,1.0,1.0,1.0,
/home/jovyan/MethodKG_Clean/experiments/text_only/text_only_all/design_binary/random_cluster_stratified/classical/metrics_summary.csv,design_binary,random_cluster_stratified,classical,tfidf_svm,validation,0.8856382978723404,0.7760881908956195,0.9327073552425664,0.9341692789968652,0.93125,0.9248325892857142,0.9868687515521246,
/home/jovyan/MethodKG_Clean/experiments/text_only/text_only_all/design_binary/random_cluster_stratified/classical/metrics_summary.csv,design_binary,random_cluster_stratified,classical,tfidf_svm,test,0.8823529411764706,0.7543000477783086,0.9316770186335404,0.9202453987730062,0.9433962264150944,0.9022911051212936,0.9812150034340617,
/home/jovyan/MethodKG_Clean/experiments/text_only/text_only_all/design_binary/random_cluster_stratified/classical/metrics_summary.csv,design_binary,random_cluster_stratified,classical,frozen_embedding_lr,train,0.9491428571428572,0.9115367947295808,0.9692148045658942,1.0,0.9402684563758388,0.9887145069695404,0.9981954035448952,
/home/jovyan/MethodKG_Clean/experiments/text_only/text_only_all/design_binary/random_cluster_stratified/classical/metrics_summary.csv,design_binary,random_cluster_stratified,classical,frozen_embedding_lr,validation,0.7845744680851063,0.6425645780276269,0.867862969004894,0.9078498293515358,0.83125,0.7718191964285714,0.945154288673357,
/home/jovyan/MethodKG_Clean/experiments/text_only/text_only_all/design_binary/random_cluster_stratified/classical/metrics_summary.csv,design_binary,random_cluster_stratified,classical,frozen_embedding_lr,test,0.8074866310160428,0.6564079007808912,0.8842443729903537,0.9046052631578948,0.8647798742138365,0.7889150943396227,0.9514735492941976,
/home/jovyan/MethodKG_Clean/experiments/text_only/text_only_all/design_binary/random_cluster_stratified/classical/metrics_summary.csv,design_binary,random_cluster_stratified,classical,frozen_embedding_mlp,train,0.9531428571428572,0.8954462659380693,0.9731147540983608,0.9512820512820512,0.995973154362416,0.9819540526587508,0.996491527956256,
/home/jovyan/MethodKG_Clean/experiments/text_only/text_only_all/design_binary/random_cluster_stratified/classical/metrics_summary.csv,design_binary,random_cluster_stratified,classical,frozen_embedding_mlp,validation,0.848404255319149,0.5968928094494705,0.9153046062407132,0.8725212464589235,0.9625,0.8592075892857142,0.972984038710224,
/home/jovyan/MethodKG_Clean/experiments/text_only/text_only_all/design_binary/random_cluster_stratified/classical/metrics_summary.csv,design_binary,random_cluster_stratified,classical,frozen_embedding_mlp,test,0.8716577540106952,0.6564867967853043,0.928358208955224,0.8835227272727273,0.9779874213836478,0.8708445642407906,0.9746226874334318,
/home/jovyan/MethodKG_Clean/experiments/text_only/text_only_all/design_binary/random_cluster_stratified/transformer/metrics_summary.csv,design_binary,random_cluster_stratified,transformer,,train,0.9908571428571428,0.9819308208569952,0.9946308724832216,0.9946308724832216,0.9946308724832216,0.9982447083118224,0.9997095016045678,
/home/jovyan/MethodKG_Clean/experiments/text_only/text_only_all/design_binary/random_cluster_stratified/transformer/metrics_summary.csv,design_binary,random_cluster_stratified,transformer,,validation,0.9361702127659576,0.8810126582278481,0.9620253164556962,0.9743589743589745,0.95,0.9603794642857144,0.9933096904833194,
/home/jovyan/MethodKG_Clean/experiments/text_only/text_only_all/design_binary/random_cluster_stratified/transformer/metrics_summary.csv,design_binary,random_cluster_stratified,transformer,,test,0.9010695187165776,0.7982416492921398,0.9422776911076444,0.934984520123839,0.949685534591195,0.9448562443845462,0.9904965088327442,
/home/jovyan/MethodKG_Clean/experiments/text_only/text_only_all/design_binary/temporal_cluster_safe/classical/metrics_summary.csv,design_binary,temporal_cluster_safe,classical,regex,train,0.2609387430389817,0.2110805820592314,0.0127523910733262,1.0,0.0064171122994652,0.5032085561497326,0.7454783692604836,
/home/jovyan/MethodKG_Clean/experiments/text_only/text_only_all/design_binary/temporal_cluster_safe/classical/metrics_summary.csv,design_binary,temporal_cluster_safe,classical,regex,validation,0.1098265895953757,0.1083668005354752,0.072289156626506,0.9230769230769232,0.0376175548589341,0.5002902589109486,0.922007133787082,
/home/jovyan/MethodKG_Clean/experiments/text_only/text_only_all/design_binary/temporal_cluster_safe/classical/metrics_summary.csv,design_binary,temporal_cluster_safe,classical,regex,test,0.1148272017837235,0.1112383947289607,0.1677148846960167,1.0,0.091533180778032,0.545766590389016,0.9767059789943084,
/home/jovyan/MethodKG_Clean/experiments/text_only/text_only_all/design_binary/temporal_cluster_safe/classical/metrics_summary.csv,design_binary,temporal_cluster_safe,classical,tfidf_lr,train,0.9522673031026252,0.9406048196566388,0.9669239250275634,0.9977246871444824,0.9379679144385028,0.9975553857906798,0.9991447350794568,
/home/jovyan/MethodKG_Clean/experiments/text_only/text_only_all/design_binary/temporal_cluster_safe/classical/metrics_summary.csv,design_binary,temporal_cluster_safe,classical,tfidf_lr,validation,0.9277456647398844,0.7445891280597632,0.9608763693270737,0.959375,0.962382445141066,0.9253454081040288,0.9934991487713668,
/home/jovyan/MethodKG_Clean/experiments/text_only/text_only_all/design_binary/temporal_cluster_safe/classical/metrics_summary.csv,design_binary,temporal_cluster_safe,classical,tfidf_lr,test,0.9531772575250836,0.6378892733564013,0.9757785467128028,0.983720930232558,0.9679633867276888,0.9170231817729578,0.99756781581313,
/home/jovyan/MethodKG_Clean/experiments/text_only/text_only_all/design_binary/temporal_cluster_safe/classical/metrics_summary.csv,design_binary,temporal_cluster_safe,classical,tfidf_svm,train,1.0,1.0,1.0,1.0,1.0,1.0,1.0,
/home/jovyan/MethodKG_Clean/experiments/text_only/text_only_all/design_binary/temporal_cluster_safe/classical/metrics_summary.csv,design_binary,temporal_cluster_safe,classical,tfidf_svm,validation,0.9219653179190752,0.649994380128133,0.9585253456221198,0.9397590361445785,0.9780564263322884,0.9319633112736562,0.9940896050900764,
/home/jovyan/MethodKG_Clean/experiments/text_only/text_only_all/design_binary/temporal_cluster_safe/classical/metrics_summary.csv,design_binary,temporal_cluster_safe,classical,tfidf_svm,test,0.9732441471571908,0.6931584948688712,0.9863169897377424,0.9829545454545454,0.9897025171624714,0.9171724206546612,0.9975262933694444,
/home/jovyan/MethodKG_Clean/experiments/text_only/text_only_all/design_binary/temporal_cluster_safe/classical/metrics_summary.csv,design_binary,temporal_cluster_safe,classical,frozen_embedding_lr,train,0.928400954653938,0.912705639062934,0.9497206703910616,0.9941520467836256,0.9090909090909092,0.979293851928123,0.9935815057408366,
/home/jovyan/MethodKG_Clean/experiments/text_only/text_only_all/design_binary/temporal_cluster_safe/classical/metrics_summary.csv,design_binary,temporal_cluster_safe,classical,frozen_embedding_lr,validation,0.8005780346820809,0.5714362647423125,0.8848080133555927,0.9464285714285714,0.8307210031347962,0.7387669801462904,0.9670440399305776,
/home/jovyan/MethodKG_Clean/experiments/text_only/text_only_all/design_binary/temporal_cluster_safe/classical/metrics_summary.csv,design_binary,temporal_cluster_safe,classical,frozen_embedding_lr,test,0.862876254180602,0.538566738462182,0.9254093389933292,0.984516129032258,0.8729977116704806,0.7732563923987663,0.9918384718770794,
/home/jovyan/MethodKG_Clean/experiments/text_only/text_only_all/design_binary/temporal_cluster_safe/classical/metrics_summary.csv,design_binary,temporal_cluster_safe,classical,frozen_embedding_mlp,train,0.918854415274463,0.8825285309057326,0.9478527607361964,0.9079333986287952,0.9914438502673796,0.9750556349021822,0.9907568300037568,
/home/jovyan/MethodKG_Clean/experiments/text_only/text_only_all/design_binary/temporal_cluster_safe/classical/metrics_summary.csv,design_binary,temporal_cluster_safe,classical,frozen_embedding_mlp,validation,0.907514450867052,0.5754601226993865,0.950920245398773,0.9309309309309308,0.9717868338557992,0.8014629049111808,0.9759855214511116,
/home/jovyan/MethodKG_Clean/experiments/text_only/text_only_all/design_binary/temporal_cluster_safe/classical/metrics_summary.csv,design_binary,temporal_cluster_safe,classical,frozen_embedding_mlp,test,0.9643255295429208,0.6430205949656751,0.9816933638443937,0.9816933638443937,0.9816933638443937,0.8452890259675654,0.9940539053142214,
/home/jovyan/MethodKG_Clean/experiments/text_only/text_only_all/design_binary/temporal_cluster_safe/transformer/metrics_summary.csv,design_binary,temporal_cluster_safe,transformer,,train,0.898170246618934,0.8723882159603561,0.9297475301866082,0.9549041713641488,0.9058823529411764,0.9527053509150696,0.9848815767564364,
/home/jovyan/MethodKG_Clean/experiments/text_only/text_only_all/design_binary/temporal_cluster_safe/transformer/metrics_summary.csv,design_binary,temporal_cluster_safe,transformer,,validation,0.9277456647398844,0.7354011807531124,0.9609984399375976,0.9565217391304348,0.9655172413793104,0.9294090328573088,0.9936073962220296,
/home/jovyan/MethodKG_Clean/experiments/text_only/text_only_all/design_binary/temporal_cluster_safe/transformer/metrics_summary.csv,design_binary,temporal_cluster_safe,transformer,,test,0.9520624303232998,0.5099294835143892,0.975414522584334,0.9748571428571428,0.9759725400457666,0.9017013232514178,0.9972444667796752,
/home/jovyan/MethodKG_Clean/experiments/text_only/text_only_all/integration_binary/cold_start_institution_cluster_safe/classical/metrics_summary.csv,integration_binary,cold_start_institution_cluster_safe,classical,regex,train,0.5814469596094097,0.4746021826753513,0.2376717865804365,0.8802395209580839,0.1373831775700934,0.5602385034088845,0.5306060899841245,
/home/jovyan/MethodKG_Clean/experiments/text_only/text_only_all/integration_binary/cold_start_institution_cluster_safe/classical/metrics_summary.csv,integration_binary,cold_start_institution_cluster_safe,classical,regex,validation,0.6917293233082706,0.4702224812979694,0.1276595744680851,0.375,0.0769230769230769,0.5118657937806873,0.2995228455754771,
/home/jovyan/MethodKG_Clean/experiments/text_only/text_only_all/integration_binary/cold_start_institution_cluster_safe/classical/metrics_summary.csv,integration_binary,cold_start_institution_cluster_safe,classical,regex,test,0.5964912280701754,0.4555647840531561,0.1785714285714285,1.0,0.0980392156862745,0.5490196078431373,0.5015479876160991,
/home/jovyan/MethodKG_Clean/experiments/text_only/text_only_all/integration_binary/cold_start_institution_cluster_safe/classical/metrics_summary.csv,integration_binary,cold_start_institution_cluster_safe,classical,tfidf_lr,train,0.9485130936529071,0.9484362052229088,0.9464450600184672,0.9352189781021898,0.9579439252336448,0.99143315347485,0.990755920967435,
/home/jovyan/MethodKG_Clean/experiments/text_only/text_only_all/integration_binary/cold_start_institution_cluster_safe/classical/metrics_summary.csv,integration_binary,cold_start_institution_cluster_safe,classical,tfidf_lr,validation,0.8120300751879699,0.7781114447781114,0.691358024691358,0.6666666666666666,0.717948717948718,0.8955264593562466,0.8228772490926012,
/home/jovyan/MethodKG_Clean/experiments/text_only/text_only_all/integration_binary/cold_start_institution_cluster_safe/classical/metrics_summary.csv,integration_binary,cold_start_institution_cluster_safe,classical,tfidf_lr,test,0.8771929824561403,0.8732931089234678,0.851063829787234,0.9302325581395348,0.7843137254901961,0.940865234982882,0.9392382571136274,
/home/jovyan/MethodKG_Clean/experiments/text_only/text_only_all/integration_binary/cold_start_institution_cluster_safe/classical/metrics_summary.csv,integration_binary,cold_start_institution_cluster_safe,classical,tfidf_svm,train,0.9893475366178428,0.9893216169716618,0.988795518207283,0.9878731343283582,0.9897196261682244,0.9996634566009116,0.9996320185446208,
/home/jovyan/MethodKG_Clean/experiments/text_only/text_only_all/integration_binary/cold_start_institution_cluster_safe/classical/metrics_summary.csv,integration_binary,cold_start_institution_cluster_safe,classical,tfidf_svm,validation,0.8270676691729323,0.7958625291958625,0.7160493827160493,0.6904761904761905,0.7435897435897436,0.8955264593562466,0.823206633406352,
/home/jovyan/MethodKG_Clean/experiments/text_only/text_only_all/integration_binary/cold_start_institution_cluster_safe/classical/metrics_summary.csv,integration_binary,cold_start_institution_cluster_safe,classical,tfidf_svm,test,0.9210526315789472,0.919661733615222,0.9090909090909092,0.9375,0.8823529411764706,0.9439775910364144,0.9504950706486608,
/home/jovyan/MethodKG_Clean/experiments/text_only/text_only_all/integration_binary/cold_start_institution_cluster_safe/classical/metrics_summary.csv,integration_binary,cold_start_institution_cluster_safe,classical,frozen_embedding_lr,train,0.8371060807811807,0.8369575569592922,0.8320366132723113,0.8152466367713005,0.8495327102803738,0.9172490342152456,0.907413582579542,
/home/jovyan/MethodKG_Clean/experiments/text_only/text_only_all/integration_binary/cold_start_institution_cluster_safe/classical/metrics_summary.csv,integration_binary,cold_start_institution_cluster_safe,classical,frozen_embedding_lr,validation,0.7669172932330827,0.720909767819671,0.6075949367088608,0.6,0.6153846153846154,0.7935079105291871,0.6873517042617993,
/home/jovyan/MethodKG_Clean/experiments/text_only/text_only_all/integration_binary/cold_start_institution_cluster_safe/classical/metrics_summary.csv,integration_binary,cold_start_institution_cluster_safe,classical,frozen_embedding_lr,test,0.7280701754385965,0.7263646922183508,0.7047619047619048,0.6851851851851852,0.7254901960784313,0.7902272019919079,0.7053140175790088,
/home/jovyan/MethodKG_Clean/experiments/text_only/text_only_all/integration_binary/cold_start_institution_cluster_safe/classical/metrics_summary.csv,integration_binary,cold_start_institution_cluster_safe,classical,frozen_embedding_mlp,train,0.9800266311584552,0.9799735429930314,0.9789424426766496,0.9803186504217432,0.977570093457944,0.9933110024411248,0.9925916989821632,
/home/jovyan/MethodKG_Clean/experiments/text_only/text_only_all/integration_binary/cold_start_institution_cluster_safe/classical/metrics_summary.csv,integration_binary,cold_start_institution_cluster_safe,classical,frozen_embedding_mlp,validation,0.7518796992481203,0.7071071071071071,0.5925925925925926,0.5714285714285714,0.6153846153846154,0.8030551009274414,0.6607527096296971,
/home/jovyan/MethodKG_Clean/experiments/text_only/text_only_all/integration_binary/cold_start_institution_cluster_safe/classical/metrics_summary.csv,integration_binary,cold_start_institution_cluster_safe,classical,frozen_embedding_mlp,test,0.8070175438596491,0.8031397174254318,0.7755102040816326,0.8085106382978723,0.7450980392156863,0.8415810768751946,0.7708506295869679,
/home/jovyan/MethodKG_Clean/experiments/text_only/text_only_all/integration_binary/cold_start_pi_cluster_safe/classical/metrics_summary.csv,integration_binary,cold_start_pi_cluster_safe,classical,regex,train,0.5959654178674352,0.4804858910401559,0.2355507088331515,0.8372093023255814,0.1370558375634517,0.5574402735863722,0.506675257881016,
/home/jovyan/MethodKG_Clean/experiments/text_only/text_only_all/integration_binary/cold_start_pi_cluster_safe/classical/metrics_summary.csv,integration_binary,cold_start_pi_cluster_safe,classical,regex,validation,0.535,0.4324942791762013,0.1913043478260869,0.88,0.1073170731707317,0.5459662288930582,0.5519390243902439,
/home/jovyan/MethodKG_Clean/experiments/text_only/text_only_all/integration_binary/cold_start_pi_cluster_safe/classical/metrics_summary.csv,integration_binary,cold_start_pi_cluster_safe,classical,regex,test,0.6082191780821918,0.4963865651624357,0.2590673575129533,0.9615384615384616,0.1497005988023952,0.5723250468759451,0.5329839793542526,
/home/jovyan/MethodKG_Clean/experiments/text_only/text_only_all/integration_binary/cold_start_pi_cluster_safe/classical/metrics_summary.csv,integration_binary,cold_start_pi_cluster_safe,classical,tfidf_lr,train,0.9544668587896252,0.9541936236347734,0.9506558400999376,0.936039360393604,0.9657360406091372,0.9931308594064076,0.9919307750935136,
/home/jovyan/MethodKG_Clean/experiments/text_only/text_only_all/integration_binary/cold_start_pi_cluster_safe/classical/metrics_summary.csv,integration_binary,cold_start_pi_cluster_safe,classical,tfidf_lr,validation,0.8125,0.8120759964670288,0.8210023866348448,0.8037383177570093,0.8390243902439024,0.8930581613508443,0.8837792193448777,
/home/jovyan/MethodKG_Clean/experiments/text_only/text_only_all/integration_binary/cold_start_pi_cluster_safe/classical/metrics_summary.csv,integration_binary,cold_start_pi_cluster_safe,classical,tfidf_lr,test,0.8054794520547945,0.8054794520547945,0.8054794520547945,0.7424242424242424,0.8802395209580839,0.8974172866388435,0.8759062909695582,
/home/jovyan/MethodKG_Clean/experiments/text_only/text_only_all/integration_binary/cold_start_pi_cluster_safe/classical/metrics_summary.csv,integration_binary,cold_start_pi_cluster_safe,classical,tfidf_svm,train,0.9936599423631124,0.9936041817960636,0.993006993006993,0.994904458598726,0.9911167512690356,0.9998847549568768,0.9998616535580964,
/home/jovyan/MethodKG_Clean/experiments/text_only/text_only_all/integration_binary/cold_start_pi_cluster_safe/classical/metrics_summary.csv,integration_binary,cold_start_pi_cluster_safe,classical,tfidf_svm,validation,0.83,0.8292787025181392,0.8403755868544601,0.8099547511312217,0.8731707317073171,0.902989368355222,0.8985517496625915,
/home/jovyan/MethodKG_Clean/experiments/text_only/text_only_all/integration_binary/cold_start_pi_cluster_safe/classical/metrics_summary.csv,integration_binary,cold_start_pi_cluster_safe,classical,tfidf_svm,test,0.8191780821917808,0.8191441441441442,0.8216216216216217,0.7487684729064039,0.9101796407185628,0.9054618036653964,0.8868940606135891,
/home/jovyan/MethodKG_Clean/experiments/text_only/text_only_all/integration_binary/cold_start_pi_cluster_safe/classical/metrics_summary.csv,integration_binary,cold_start_pi_cluster_safe,classical,frozen_embedding_lr,train,0.8720461095100864,0.8712897689451355,0.8614232209737828,0.8476658476658476,0.8756345177664975,0.9468197728332592,0.9382477794826156,
/home/jovyan/MethodKG_Clean/experiments/text_only/text_only_all/integration_binary/cold_start_pi_cluster_safe/classical/metrics_summary.csv,integration_binary,cold_start_pi_cluster_safe,classical,frozen_embedding_lr,validation,0.6575,0.6572407883461868,0.6666666666666666,0.6650485436893204,0.6682926829268293,0.7049906191369606,0.6951386157810127,
/home/jovyan/MethodKG_Clean/experiments/text_only/text_only_all/integration_binary/cold_start_pi_cluster_safe/classical/metrics_summary.csv,integration_binary,cold_start_pi_cluster_safe,classical,frozen_embedding_lr,test,0.6904109589041096,0.6888320545609548,0.6666666666666666,0.6569767441860465,0.6766467065868264,0.7375249500998005,0.6881084251961724,
/home/jovyan/MethodKG_Clean/experiments/text_only/text_only_all/integration_binary/cold_start_pi_cluster_safe/classical/metrics_summary.csv,integration_binary,cold_start_pi_cluster_safe,classical,frozen_embedding_mlp,train,0.9804034582132564,0.98025785602793,0.978562421185372,0.9724310776942356,0.9847715736040608,0.9936568324229867,0.9914071223078084,
/home/jovyan/MethodKG_Clean/experiments/text_only/text_only_all/integration_binary/cold_start_pi_cluster_safe/classical/metrics_summary.csv,integration_binary,cold_start_pi_cluster_safe,classical,frozen_embedding_mlp,validation,0.7025,0.7021854333639908,0.711864406779661,0.7067307692307693,0.7170731707317073,0.7397623514696685,0.7161309898656687,
/home/jovyan/MethodKG_Clean/experiments/text_only/text_only_all/integration_binary/cold_start_pi_cluster_safe/classical/metrics_summary.csv,integration_binary,cold_start_pi_cluster_safe,classical,frozen_embedding_mlp,test,0.7013698630136986,0.7000731253156827,0.6803519061583577,0.6666666666666666,0.6946107784431138,0.7690679247565474,0.7055280369375251,
/home/jovyan/MethodKG_Clean/experiments/text_only/text_only_all/integration_binary/cross_program_cluster_safe/classical/metrics_summary.csv,integration_binary,cross_program_cluster_safe,classical,regex,train,0.5668761220825853,0.4648037030260712,0.2310756972111553,0.8579881656804734,0.1335174953959484,0.5562508667872912,0.5369083160597641,
/home/jovyan/MethodKG_Clean/experiments/text_only/text_only_all/integration_binary/cross_program_cluster_safe/classical/metrics_summary.csv,integration_binary,cross_program_cluster_safe,classical,regex,validation,0.8518518518518519,0.5591836734693878,0.2,1.0,0.1111111111111111,0.5555555555555556,0.2592592592592592,
/home/jovyan/MethodKG_Clean/experiments/text_only/text_only_all/integration_binary/cross_program_cluster_safe/classical/metrics_summary.csv,integration_binary,cross_program_cluster_safe,classical,regex,test,0.7385321100917431,0.5410526315789473,0.24,0.9,0.1384615384615384,0.5659627953745601,0.3814961185603387,
/home/jovyan/MethodKG_Clean/experiments/text_only/text_only_all/integration_binary/cross_program_cluster_safe/classical/metrics_summary.csv,integration_binary,cross_program_cluster_safe,classical,tfidf_lr,train,0.9447935368043088,0.9447865850525824,0.94416704493872,0.9310653536257834,0.9576427255985268,0.9908330188709672,0.9906954021204434,
/home/jovyan/MethodKG_Clean/experiments/text_only/text_only_all/integration_binary/cross_program_cluster_safe/classical/metrics_summary.csv,integration_binary,cross_program_cluster_safe,classical,tfidf_lr,validation,0.8333333333333334,0.7514066496163683,0.6086956521739131,0.5,0.7777777777777778,0.9185185185185184,0.7906724247303958,
/home/jovyan/MethodKG_Clean/experiments/text_only/text_only_all/integration_binary/cross_program_cluster_safe/classical/metrics_summary.csv,integration_binary,cross_program_cluster_safe,classical,tfidf_lr,test,0.8302752293577982,0.7904880646250552,0.6991869918699187,0.7413793103448276,0.6615384615384615,0.9213675213675214,0.843026112934812,
/home/jovyan/MethodKG_Clean/experiments/text_only/text_only_all/integration_binary/cross_program_cluster_safe/classical/metrics_summary.csv,integration_binary,cross_program_cluster_safe,classical,tfidf_svm,train,0.9860861759425492,0.9860788816344151,0.9857602204869086,0.9835013748854262,0.9880294659300184,0.9994331614272398,0.9994164771839392,
/home/jovyan/MethodKG_Clean/experiments/text_only/text_only_all/integration_binary/cross_program_cluster_safe/classical/metrics_summary.csv,integration_binary,cross_program_cluster_safe,classical,tfidf_svm,validation,0.7962962962962963,0.7137349397590362,0.56,0.4375,0.7777777777777778,0.925925925925926,0.8320105820105821,
/home/jovyan/MethodKG_Clean/experiments/text_only/text_only_all/integration_binary/cross_program_cluster_safe/classical/metrics_summary.csv,integration_binary,cross_program_cluster_safe,classical,tfidf_svm,test,0.8623853211009175,0.8397058823529412,0.7794117647058824,0.7464788732394366,0.8153846153846154,0.939366515837104,0.8871626254119253,
/home/jovyan/MethodKG_Clean/experiments/text_only/text_only_all/integration_binary/cross_program_cluster_safe/classical/metrics_summary.csv,integration_binary,cross_program_cluster_safe,classical,frozen_embedding_lr,train,0.8406642728904847,0.840657050432948,0.8395842747401717,0.8243123336291038,0.8554327808471455,0.9190831890031704,0.913251620829571,
/home/jovyan/MethodKG_Clean/experiments/text_only/text_only_all/integration_binary/cross_program_cluster_safe/classical/metrics_summary.csv,integration_binary,cross_program_cluster_safe,classical,frozen_embedding_lr,validation,0.7222222222222222,0.6606619187264349,0.5161290322580645,0.3636363636363636,0.8888888888888888,0.7358024691358024,0.4685445789160959,
/home/jovyan/MethodKG_Clean/experiments/text_only/text_only_all/integration_binary/cross_program_cluster_safe/classical/metrics_summary.csv,integration_binary,cross_program_cluster_safe,classical,frozen_embedding_lr,test,0.6788990825688074,0.6486137975499677,0.5454545454545454,0.4719101123595505,0.6461538461538462,0.7584715937657115,0.6165194615429687,
/home/jovyan/MethodKG_Clean/experiments/text_only/text_only_all/integration_binary/cross_program_cluster_safe/classical/metrics_summary.csv,integration_binary,cross_program_cluster_safe,classical,frozen_embedding_mlp,train,0.9838420107719928,0.983836266832184,0.9835315645013724,0.9772727272727272,0.9898710865561694,0.9946347882458804,0.9938798948179816,
/home/jovyan/MethodKG_Clean/experiments/text_only/text_only_all/integration_binary/cross_program_cluster_safe/classical/metrics_summary.csv,integration_binary,cross_program_cluster_safe,classical,frozen_embedding_mlp,validation,0.6851851851851852,0.6154168412232929,0.4516129032258064,0.3181818181818182,0.7777777777777778,0.8296296296296296,0.5598603293725246,
/home/jovyan/MethodKG_Clean/experiments/text_only/text_only_all/integration_binary/cross_program_cluster_safe/classical/metrics_summary.csv,integration_binary,cross_program_cluster_safe,classical,frozen_embedding_mlp,test,0.7339449541284404,0.6792816558441559,0.546875,0.5555555555555556,0.5384615384615384,0.7506284565108093,0.5763952733964859,
/home/jovyan/MethodKG_Clean/experiments/text_only/text_only_all/integration_binary/edu_to_eng_cluster_safe/classical/metrics_summary.csv,integration_binary,edu_to_eng_cluster_safe,classical,regex,train,0.5725149375339489,0.4673590531722985,0.23069403714565,0.8613138686131386,0.1331828442437923,0.5566437781428386,0.5318768152734865,
/home/jovyan/MethodKG_Clean/experiments/text_only/text_only_all/integration_binary/edu_to_eng_cluster_safe/classical/metrics_summary.csv,integration_binary,edu_to_eng_cluster_safe,classical,regex,validation,0.5646687697160884,0.4133408432571612,0.1153846153846153,0.8181818181818182,0.0620689655172413,0.5252205292702485,0.4798057810784886,
/home/jovyan/MethodKG_Clean/experiments/text_only/text_only_all/integration_binary/edu_to_eng_cluster_safe/classical/metrics_summary.csv,integration_binary,edu_to_eng_cluster_safe,classical,regex,test,0.6929824561403509,0.5735306343004406,0.3478260869565217,0.875,0.2170542635658914,0.5991374604214433,0.4852441180470556,
/home/jovyan/MethodKG_Clean/experiments/text_only/text_only_all/integration_binary/edu_to_eng_cluster_safe/classical/metrics_summary.csv,integration_binary,edu_to_eng_cluster_safe,classical,tfidf_lr,train,0.9456816947311244,0.945643187830688,0.9441964285714286,0.933774834437086,0.9548532731376976,0.991547398153948,0.9911653929642495,
/home/jovyan/MethodKG_Clean/experiments/text_only/text_only_all/integration_binary/edu_to_eng_cluster_safe/classical/metrics_summary.csv,integration_binary,edu_to_eng_cluster_safe,classical,tfidf_lr,validation,0.8138801261829653,0.8138134251839169,0.8102893890675241,0.7590361445783133,0.8689655172413793,0.8900962309542904,0.8767072373457114,
/home/jovyan/MethodKG_Clean/experiments/text_only/text_only_all/integration_binary/edu_to_eng_cluster_safe/classical/metrics_summary.csv,integration_binary,edu_to_eng_cluster_safe,classical,tfidf_lr,test,0.8801169590643275,0.8753322960657924,0.850909090909091,0.8013698630136986,0.9069767441860463,0.9385668013247442,0.8713806067524584,
/home/jovyan/MethodKG_Clean/experiments/text_only/text_only_all/integration_binary/edu_to_eng_cluster_safe/classical/metrics_summary.csv,integration_binary,edu_to_eng_cluster_safe,classical,tfidf_svm,train,0.9907658881042912,0.9907532727836232,0.9904117315284828,0.9898534385569336,0.9909706546275396,0.9996619904742772,0.9996394193468442,
/home/jovyan/MethodKG_Clean/experiments/text_only/text_only_all/integration_binary/edu_to_eng_cluster_safe/classical/metrics_summary.csv,integration_binary,edu_to_eng_cluster_safe,classical,tfidf_svm,validation,0.8201892744479495,0.8201248344997163,0.8235294117647058,0.7471910112359551,0.9172413793103448,0.904410585404972,0.8918420458531704,
/home/jovyan/MethodKG_Clean/experiments/text_only/text_only_all/integration_binary/edu_to_eng_cluster_safe/classical/metrics_summary.csv,integration_binary,edu_to_eng_cluster_safe,classical,tfidf_svm,test,0.8713450292397661,0.866973125884017,0.8428571428571429,0.7814569536423841,0.9147286821705426,0.940168140626706,0.8628955134575359,
/home/jovyan/MethodKG_Clean/experiments/text_only/text_only_all/integration_binary/edu_to_eng_cluster_safe/classical/metrics_summary.csv,integration_binary,edu_to_eng_cluster_safe,classical,frozen_embedding_lr,train,0.8620315046170559,0.8619082550167501,0.8577827547592385,0.8511111111111112,0.8645598194130926,0.9312942455651024,0.9227827632310714,
/home/jovyan/MethodKG_Clean/experiments/text_only/text_only_all/integration_binary/edu_to_eng_cluster_safe/classical/metrics_summary.csv,integration_binary,edu_to_eng_cluster_safe,classical,frozen_embedding_lr,validation,0.6593059936908517,0.6585414505704938,0.6746987951807228,0.5989304812834224,0.7724137931034483,0.7158781074578989,0.6250677149403229,
/home/jovyan/MethodKG_Clean/experiments/text_only/text_only_all/integration_binary/edu_to_eng_cluster_safe/classical/metrics_summary.csv,integration_binary,edu_to_eng_cluster_safe,classical,frozen_embedding_lr,test,0.6871345029239766,0.6800188872275124,0.6323024054982818,0.5679012345679012,0.7131782945736435,0.7874586017396367,0.6955006187738155,
/home/jovyan/MethodKG_Clean/experiments/text_only/text_only_all/integration_binary/edu_to_eng_cluster_safe/classical/metrics_summary.csv,integration_binary,edu_to_eng_cluster_safe,classical,frozen_embedding_mlp,train,0.9826181423139598,0.982593691276754,0.981941309255079,0.981941309255079,0.981941309255079,0.9924905156418043,0.988934979247775,
/home/jovyan/MethodKG_Clean/experiments/text_only/text_only_all/integration_binary/edu_to_eng_cluster_safe/classical/metrics_summary.csv,integration_binary,edu_to_eng_cluster_safe,classical,frozen_embedding_mlp,validation,0.7003154574132492,0.7002677336199775,0.7040498442367601,0.6420454545454546,0.7793103448275862,0.7512830793905373,0.683610975917587,
/home/jovyan/MethodKG_Clean/experiments/text_only/text_only_all/integration_binary/edu_to_eng_cluster_safe/classical/metrics_summary.csv,integration_binary,edu_to_eng_cluster_safe,classical,frozen_embedding_mlp,test,0.7456140350877193,0.7419047040760562,0.7109634551495017,0.622093023255814,0.8294573643410853,0.8447428758598101,0.7559640327931484,
/home/jovyan/MethodKG_Clean/experiments/text_only/text_only_all/integration_binary/random_cluster_stratified/classical/metrics_summary.csv,integration_binary,random_cluster_stratified,classical,regex,train,0.5834285714285714,0.469493870330704,0.2236421725239616,0.8267716535433071,0.1293103448275862,0.5529280935225351,0.5109101276133587,
/home/jovyan/MethodKG_Clean/experiments/text_only/text_only_all/integration_binary/random_cluster_stratified/classical/metrics_summary.csv,integration_binary,random_cluster_stratified,classical,regex,validation,0.598404255319149,0.4905560490636805,0.2561576354679803,0.9285714285714286,0.1485714285714285,0.5693105899076049,0.5342357794181503,
/home/jovyan/MethodKG_Clean/experiments/text_only/text_only_all/integration_binary/random_cluster_stratified/classical/metrics_summary.csv,integration_binary,random_cluster_stratified,classical,regex,test,0.5989304812834224,0.4848484848484848,0.2424242424242424,0.96,0.1387283236994219,0.5668765996606563,0.5315749126765787,
/home/jovyan/MethodKG_Clean/experiments/text_only/text_only_all/integration_binary/random_cluster_stratified/classical/metrics_summary.csv,integration_binary,random_cluster_stratified,classical,tfidf_lr,train,0.9485714285714286,0.9483748061187164,0.9451887941534712,0.9349397590361446,0.955665024630542,0.991095717751846,0.9899230070491304,
/home/jovyan/MethodKG_Clean/experiments/text_only/text_only_all/integration_binary/random_cluster_stratified/classical/metrics_summary.csv,integration_binary,random_cluster_stratified,classical,tfidf_lr,validation,0.7606382978723404,0.7606315253374076,0.7593582887700535,0.7135678391959799,0.8114285714285714,0.8819616204690832,0.8586602237274973,
/home/jovyan/MethodKG_Clean/experiments/text_only/text_only_all/integration_binary/random_cluster_stratified/classical/metrics_summary.csv,integration_binary,random_cluster_stratified,classical,tfidf_lr,test,0.8262032085561497,0.8259231942485195,0.8189415041782729,0.7903225806451613,0.8497109826589595,0.9059902798147988,0.8740405333642043,
/home/jovyan/MethodKG_Clean/experiments/text_only/text_only_all/integration_binary/random_cluster_stratified/classical/metrics_summary.csv,integration_binary,random_cluster_stratified,classical,tfidf_svm,train,0.9902857142857144,0.9902405867588874,0.9895769466584916,0.9853479853479854,0.9938423645320196,0.9996914617622654,0.9996447467724476,
/home/jovyan/MethodKG_Clean/experiments/text_only/text_only_all/integration_binary/random_cluster_stratified/classical/metrics_summary.csv,integration_binary,random_cluster_stratified,classical,tfidf_svm,validation,0.7712765957446809,0.7712765957446809,0.7712765957446809,0.7213930348258707,0.8285714285714286,0.8849751243781094,0.8703043791125674,
/home/jovyan/MethodKG_Clean/experiments/text_only/text_only_all/integration_binary/random_cluster_stratified/classical/metrics_summary.csv,integration_binary,random_cluster_stratified,classical,tfidf_svm,test,0.8368983957219251,0.8368972296693477,0.8373333333333334,0.7772277227722773,0.907514450867052,0.9275012222126362,0.913905792879024,
/home/jovyan/MethodKG_Clean/experiments/text_only/text_only_all/integration_binary/random_cluster_stratified/classical/metrics_summary.csv,integration_binary,random_cluster_stratified,classical,frozen_embedding_lr,train,0.8628571428571429,0.862540436021737,0.8559423769507803,0.8348946135831382,0.8780788177339901,0.9355141953847932,0.9260137036913788,
/home/jovyan/MethodKG_Clean/experiments/text_only/text_only_all/integration_binary/random_cluster_stratified/classical/metrics_summary.csv,integration_binary,random_cluster_stratified,classical,frozen_embedding_lr,validation,0.7207446808510638,0.7204104612377573,0.7107438016528925,0.6861702127659575,0.7371428571428571,0.763496801705757,0.687140744121914,
/home/jovyan/MethodKG_Clean/experiments/text_only/text_only_all/integration_binary/random_cluster_stratified/classical/metrics_summary.csv,integration_binary,random_cluster_stratified,classical,frozen_embedding_lr,test,0.7058823529411765,0.7051994955285485,0.6910112359550562,0.6721311475409836,0.7109826589595376,0.7834814367469013,0.7580513787595491,
/home/jovyan/MethodKG_Clean/experiments/text_only/text_only_all/integration_binary/random_cluster_stratified/classical/metrics_summary.csv,integration_binary,random_cluster_stratified,classical,frozen_embedding_mlp,train,0.9051428571428572,0.9048913043478262,0.9,0.8808962264150944,0.919950738916256,0.9597797430861176,0.9558193515425538,
/home/jovyan/MethodKG_Clean/experiments/text_only/text_only_all/integration_binary/random_cluster_stratified/classical/metrics_summary.csv,integration_binary,random_cluster_stratified,classical,frozen_embedding_mlp,validation,0.7127659574468085,0.7113859275053305,0.6914285714285714,0.6914285714285714,0.6914285714285714,0.8119402985074627,0.7704879189680421,
/home/jovyan/MethodKG_Clean/experiments/text_only/text_only_all/integration_binary/random_cluster_stratified/classical/metrics_summary.csv,integration_binary,random_cluster_stratified,classical,frozen_embedding_mlp,test,0.6764705882352942,0.6725351857881978,0.6366366366366366,0.6625,0.6127167630057804,0.7865010209070254,0.7068754859524357,
/home/jovyan/MethodKG_Clean/experiments/text_only/text_only_all/integration_binary/random_cluster_stratified/transformer/metrics_summary.csv,integration_binary,random_cluster_stratified,transformer,,train,0.9857142857142858,0.9856235863877872,0.9844816883923028,0.9924906132665832,0.9766009852216748,0.9983680296616844,0.9981509401318645,
/home/jovyan/MethodKG_Clean/experiments/text_only/text_only_all/integration_binary/random_cluster_stratified/transformer/metrics_summary.csv,integration_binary,random_cluster_stratified,transformer,,validation,0.8936170212765957,0.8922728705268888,0.8802395209580839,0.9245283018867924,0.84,0.9598009950248756,0.9648254197083084,
/home/jovyan/MethodKG_Clean/experiments/text_only/text_only_all/integration_binary/random_cluster_stratified/transformer/metrics_summary.csv,integration_binary,random_cluster_stratified,transformer,,test,0.8823529411764706,0.8817816091954023,0.8735632183908046,0.8685714285714285,0.8786127167630058,0.9456187271733816,0.9465302101110592,
/home/jovyan/MethodKG_Clean/experiments/text_only/text_only_all/integration_binary/temporal_cluster_safe/classical/metrics_summary.csv,integration_binary,temporal_cluster_safe,classical,regex,train,0.7374701670644391,0.5172406569465393,0.1911764705882352,0.7647058823529411,0.1092436974789916,0.5479551820728292,0.3365225916282559,
/home/jovyan/MethodKG_Clean/experiments/text_only/text_only_all/integration_binary/temporal_cluster_safe/classical/metrics_summary.csv,integration_binary,temporal_cluster_safe,classical,regex,validation,0.4971098265895953,0.4257097069597069,0.2232142857142857,0.8064516129032258,0.1295336787564766,0.5451589962409835,0.5900117771064258,
/home/jovyan/MethodKG_Clean/experiments/text_only/text_only_all/integration_binary/temporal_cluster_safe/classical/metrics_summary.csv,integration_binary,temporal_cluster_safe,classical,regex,test,0.4136008918617614,0.3863579611074695,0.2570621468926554,0.9285714285714286,0.1491803278688524,0.5623950419832067,0.7171199078896868,
/home/jovyan/MethodKG_Clean/experiments/text_only/text_only_all/integration_binary/temporal_cluster_safe/classical/metrics_summary.csv,integration_binary,temporal_cluster_safe,classical,tfidf_lr,train,0.9745425616547336,0.9692128708324405,0.9564032697547684,0.9310344827586208,0.9831932773109244,0.9987177093059444,0.9968967135226484,
/home/jovyan/MethodKG_Clean/experiments/text_only/text_only_all/integration_binary/temporal_cluster_safe/classical/metrics_summary.csv,integration_binary,temporal_cluster_safe,classical,tfidf_lr,validation,0.8005780346820809,0.7907459834693359,0.836104513064133,0.7719298245614035,0.911917098445596,0.885299197399167,0.9023491642502068,
/home/jovyan/MethodKG_Clean/experiments/text_only/text_only_all/integration_binary/temporal_cluster_safe/classical/metrics_summary.csv,integration_binary,temporal_cluster_safe,classical,tfidf_lr,test,0.7959866220735786,0.7379976856470213,0.8612585291887794,0.8011283497884344,0.9311475409836064,0.8079168332666933,0.8848030486555944,
/home/jovyan/MethodKG_Clean/experiments/text_only/text_only_all/integration_binary/temporal_cluster_safe/classical/metrics_summary.csv,integration_binary,temporal_cluster_safe,classical,tfidf_svm,train,1.0,1.0,1.0,1.0,1.0,1.0,1.0,
/home/jovyan/MethodKG_Clean/experiments/text_only/text_only_all/integration_binary/temporal_cluster_safe/classical/metrics_summary.csv,integration_binary,temporal_cluster_safe,classical,tfidf_svm,validation,0.8063583815028902,0.7957083057942278,0.8423529411764706,0.771551724137931,0.927461139896373,0.8881099935656473,0.9056514769846304,
/home/jovyan/MethodKG_Clean/experiments/text_only/text_only_all/integration_binary/temporal_cluster_safe/classical/metrics_summary.csv,integration_binary,temporal_cluster_safe,classical,tfidf_svm,test,0.8082497212931996,0.7463935827470577,0.8716417910447761,0.8,0.9573770491803278,0.8298623407779743,0.8988789269528581,
/home/jovyan/MethodKG_Clean/experiments/text_only/text_only_all/integration_binary/temporal_cluster_safe/classical/metrics_summary.csv,integration_binary,temporal_cluster_safe,classical,frozen_embedding_lr,train,0.9514717581543356,0.9421756472123995,0.9189907038512616,0.8737373737373737,0.969187675070028,0.9860099595393712,0.949311857940663,
/home/jovyan/MethodKG_Clean/experiments/text_only/text_only_all/integration_binary/temporal_cluster_safe/classical/metrics_summary.csv,integration_binary,temporal_cluster_safe,classical,frozen_embedding_lr,validation,0.6184971098265896,0.618037667681397,0.6312849162011173,0.6848484848484848,0.5854922279792746,0.6671407768634223,0.6901415240473763,
/home/jovyan/MethodKG_Clean/experiments/text_only/text_only_all/integration_binary/temporal_cluster_safe/classical/metrics_summary.csv,integration_binary,temporal_cluster_safe,classical,frozen_embedding_lr,test,0.5618729096989966,0.5403736507021759,0.6397800183318056,0.7255717255717256,0.5721311475409836,0.5805963328954132,0.7157566191618547,
/home/jovyan/MethodKG_Clean/experiments/text_only/text_only_all/integration_binary/temporal_cluster_safe/classical/metrics_summary.csv,integration_binary,temporal_cluster_safe,classical,frozen_embedding_mlp,train,0.8560063643595863,0.818733074718619,0.7365356622998545,0.7666666666666667,0.7086834733893558,0.9138686585745408,0.8297032193469961,
/home/jovyan/MethodKG_Clean/experiments/text_only/text_only_all/integration_binary/temporal_cluster_safe/classical/metrics_summary.csv,integration_binary,temporal_cluster_safe,classical,frozen_embedding_mlp,validation,0.6589595375722543,0.6585488241394306,0.6467065868263473,0.7659574468085106,0.5595854922279793,0.7252531409800534,0.7464774871870021,
/home/jovyan/MethodKG_Clean/experiments/text_only/text_only_all/integration_binary/temporal_cluster_safe/classical/metrics_summary.csv,integration_binary,temporal_cluster_safe,classical,frozen_embedding_mlp,test,0.5975473801560758,0.5846609674916148,0.6578199052132702,0.7797752808988764,0.5688524590163935,0.6605757696921231,0.784485922271173,
/home/jovyan/MethodKG_Clean/experiments/text_only/text_only_all/integration_binary/temporal_cluster_safe/transformer/metrics_summary.csv,integration_binary,temporal_cluster_safe,transformer,,train,0.9904534606205252,0.9882830705750026,0.9832402234636872,0.98050139275766,0.9859943977591036,0.9990196078431371,0.9981304510751547,
/home/jovyan/MethodKG_Clean/experiments/text_only/text_only_all/integration_binary/temporal_cluster_safe/transformer/metrics_summary.csv,integration_binary,temporal_cluster_safe,transformer,,validation,0.8410404624277457,0.8397541156161845,0.8541114058355438,0.875,0.8341968911917098,0.9307121812455552,0.9505587159856465,
/home/jovyan/MethodKG_Clean/experiments/text_only/text_only_all/integration_binary/temporal_cluster_safe/transformer/metrics_summary.csv,integration_binary,temporal_cluster_safe,transformer,,test,0.802675585284281,0.7691119691119691,0.8571428571428571,0.8441971383147854,0.8704918032786885,0.9053978408636544,0.958880590844118,
/home/jovyan/MethodKG_Clean/experiments/text_only/text_only_all/mmr_multiclass/cold_start_institution_cluster_safe/classical/metrics_summary.csv,mmr_multiclass,cold_start_institution_cluster_safe,classical,regex,train,0.7363515312916112,0.6959703211644688,,,,,,0.7357693813428714
/home/jovyan/MethodKG_Clean/experiments/text_only/text_only_all/mmr_multiclass/cold_start_institution_cluster_safe/classical/metrics_summary.csv,mmr_multiclass,cold_start_institution_cluster_safe,classical,regex,validation,0.631578947368421,0.6294902035523567,,,,,,0.6278197747757887
/home/jovyan/MethodKG_Clean/experiments/text_only/text_only_all/mmr_multiclass/cold_start_institution_cluster_safe/classical/metrics_summary.csv,mmr_multiclass,cold_start_institution_cluster_safe,classical,regex,test,0.6666666666666666,0.6289237734074139,,,,,,0.6580907946439576
/home/jovyan/MethodKG_Clean/experiments/text_only/text_only_all/mmr_multiclass/cold_start_institution_cluster_safe/classical/metrics_summary.csv,mmr_multiclass,cold_start_institution_cluster_safe,classical,tfidf_lr,train,0.9813581890812252,0.98148958233239,,,,,,0.9813594704965818
/home/jovyan/MethodKG_Clean/experiments/text_only/text_only_all/mmr_multiclass/cold_start_institution_cluster_safe/classical/metrics_summary.csv,mmr_multiclass,cold_start_institution_cluster_safe,classical,tfidf_lr,validation,0.4586466165413533,0.3755915087600185,,,,,,0.4162458497450145
/home/jovyan/MethodKG_Clean/experiments/text_only/text_only_all/mmr_multiclass/cold_start_institution_cluster_safe/classical/metrics_summary.csv,mmr_multiclass,cold_start_institution_cluster_safe,classical,tfidf_lr,test,0.5263157894736842,0.3999087068707321,,,,,,0.4941586314004702
/home/jovyan/MethodKG_Clean/experiments/text_only/text_only_all/mmr_multiclass/cold_start_institution_cluster_safe/classical/metrics_summary.csv,mmr_multiclass,cold_start_institution_cluster_safe,classical,tfidf_svm,train,1.0,1.0,,,,,,1.0
/home/jovyan/MethodKG_Clean/experiments/text_only/text_only_all/mmr_multiclass/cold_start_institution_cluster_safe/classical/metrics_summary.csv,mmr_multiclass,cold_start_institution_cluster_safe,classical,tfidf_svm,validation,0.4586466165413533,0.3465719063545151,,,,,,0.4073962079110821
/home/jovyan/MethodKG_Clean/experiments/text_only/text_only_all/mmr_multiclass/cold_start_institution_cluster_safe/classical/metrics_summary.csv,mmr_multiclass,cold_start_institution_cluster_safe,classical,tfidf_svm,test,0.5350877192982456,0.4001687868548333,,,,,,0.4820174741166173
/home/jovyan/MethodKG_Clean/experiments/text_only/text_only_all/mmr_multiclass/cold_start_institution_cluster_safe/classical/metrics_summary.csv,mmr_multiclass,cold_start_institution_cluster_safe,classical,frozen_embedding_lr,train,0.8069241011984021,0.8091829062834687,,,,,,0.8065734444708602
/home/jovyan/MethodKG_Clean/experiments/text_only/text_only_all/mmr_multiclass/cold_start_institution_cluster_safe/classical/metrics_summary.csv,mmr_multiclass,cold_start_institution_cluster_safe,classical,frozen_embedding_lr,validation,0.3383458646616541,0.2918012800090012,,,,,,0.3363293366368152
/home/jovyan/MethodKG_Clean/experiments/text_only/text_only_all/mmr_multiclass/cold_start_institution_cluster_safe/classical/metrics_summary.csv,mmr_multiclass,cold_start_institution_cluster_safe,classical,frozen_embedding_lr,test,0.3947368421052631,0.3435166735851667,,,,,,0.3965080145361327
/home/jovyan/MethodKG_Clean/experiments/text_only/text_only_all/mmr_multiclass/cold_start_institution_cluster_safe/classical/metrics_summary.csv,mmr_multiclass,cold_start_institution_cluster_safe,classical,frozen_embedding_mlp,train,0.9587217043941412,0.9561492095516476,,,,,,0.9586917582531048
/home/jovyan/MethodKG_Clean/experiments/text_only/text_only_all/mmr_multiclass/cold_start_institution_cluster_safe/classical/metrics_summary.csv,mmr_multiclass,cold_start_institution_cluster_safe,classical,frozen_embedding_mlp,validation,0.3759398496240601,0.3190571264716667,,,,,,0.3623683028622917
/home/jovyan/MethodKG_Clean/experiments/text_only/text_only_all/mmr_multiclass/cold_start_institution_cluster_safe/classical/metrics_summary.csv,mmr_multiclass,cold_start_institution_cluster_safe,classical,frozen_embedding_mlp,test,0.3508771929824561,0.2640067191150783,,,,,,0.3404600487051195
/home/jovyan/MethodKG_Clean/experiments/text_only/text_only_all/mmr_multiclass/cold_start_pi_cluster_safe/classical/metrics_summary.csv,mmr_multiclass,cold_start_pi_cluster_safe,classical,regex,train,0.7164265129682997,0.6825946786961263,,,,,,0.7176661605231478
/home/jovyan/MethodKG_Clean/experiments/text_only/text_only_all/mmr_multiclass/cold_start_pi_cluster_safe/classical/metrics_summary.csv,mmr_multiclass,cold_start_pi_cluster_safe,classical,regex,validation,0.7875,0.729535890059284,,,,,,0.7869685115562904
/home/jovyan/MethodKG_Clean/experiments/text_only/text_only_all/mmr_multiclass/cold_start_pi_cluster_safe/classical/metrics_summary.csv,mmr_multiclass,cold_start_pi_cluster_safe,classical,regex,test,0.7150684931506849,0.6678321442028019,,,,,,0.7064590510698335
/home/jovyan/MethodKG_Clean/experiments/text_only/text_only_all/mmr_multiclass/cold_start_pi_cluster_safe/classical/metrics_summary.csv,mmr_multiclass,cold_start_pi_cluster_safe,classical,tfidf_lr,train,0.9896253602305476,0.9891849836474668,,,,,,0.9896240697363744
/home/jovyan/MethodKG_Clean/experiments/text_only/text_only_all/mmr_multiclass/cold_start_pi_cluster_safe/classical/metrics_summary.csv,mmr_multiclass,cold_start_pi_cluster_safe,classical,tfidf_lr,validation,0.5,0.4047814449203136,,,,,,0.4614763568304566
/home/jovyan/MethodKG_Clean/experiments/text_only/text_only_all/mmr_multiclass/cold_start_pi_cluster_safe/classical/metrics_summary.csv,mmr_multiclass,cold_start_pi_cluster_safe,classical,tfidf_lr,test,0.5178082191780822,0.4131532968224827,,,,,,0.465835353080121
/home/jovyan/MethodKG_Clean/experiments/text_only/text_only_all/mmr_multiclass/cold_start_pi_cluster_safe/classical/metrics_summary.csv,mmr_multiclass,cold_start_pi_cluster_safe,classical,tfidf_svm,train,1.0,1.0,,,,,,1.0
/home/jovyan/MethodKG_Clean/experiments/text_only/text_only_all/mmr_multiclass/cold_start_pi_cluster_safe/classical/metrics_summary.csv,mmr_multiclass,cold_start_pi_cluster_safe,classical,tfidf_svm,validation,0.4875,0.3765660533158064,,,,,,0.4267403975796798
/home/jovyan/MethodKG_Clean/experiments/text_only/text_only_all/mmr_multiclass/cold_start_pi_cluster_safe/classical/metrics_summary.csv,mmr_multiclass,cold_start_pi_cluster_safe,classical,tfidf_svm,test,0.5013698630136987,0.3678130777531266,,,,,,0.427292402218647
/home/jovyan/MethodKG_Clean/experiments/text_only/text_only_all/mmr_multiclass/cold_start_pi_cluster_safe/classical/metrics_summary.csv,mmr_multiclass,cold_start_pi_cluster_safe,classical,frozen_embedding_lr,train,0.8968299711815562,0.9033067433845748,,,,,,0.8956928304245367
/home/jovyan/MethodKG_Clean/experiments/text_only/text_only_all/mmr_multiclass/cold_start_pi_cluster_safe/classical/metrics_summary.csv,mmr_multiclass,cold_start_pi_cluster_safe,classical,frozen_embedding_lr,validation,0.315,0.2880249410306847,,,,,,0.3211931208341146
/home/jovyan/MethodKG_Clean/experiments/text_only/text_only_all/mmr_multiclass/cold_start_pi_cluster_safe/classical/metrics_summary.csv,mmr_multiclass,cold_start_pi_cluster_safe,classical,frozen_embedding_lr,test,0.2958904109589041,0.2693721075296438,,,,,,0.2991480572409509
/home/jovyan/MethodKG_Clean/experiments/text_only/text_only_all/mmr_multiclass/cold_start_pi_cluster_safe/classical/metrics_summary.csv,mmr_multiclass,cold_start_pi_cluster_safe,classical,frozen_embedding_mlp,train,0.9613832853025936,0.9596504909650806,,,,,,0.9613568538427434
/home/jovyan/MethodKG_Clean/experiments/text_only/text_only_all/mmr_multiclass/cold_start_pi_cluster_safe/classical/metrics_summary.csv,mmr_multiclass,cold_start_pi_cluster_safe,classical,frozen_embedding_mlp,validation,0.3475,0.2831633731132331,,,,,,0.3249051698045158
/home/jovyan/MethodKG_Clean/experiments/text_only/text_only_all/mmr_multiclass/cold_start_pi_cluster_safe/classical/metrics_summary.csv,mmr_multiclass,cold_start_pi_cluster_safe,classical,frozen_embedding_mlp,test,0.3890410958904109,0.3256634361314164,,,,,,0.3686291613931806
/home/jovyan/MethodKG_Clean/experiments/text_only/text_only_all/mmr_multiclass/cross_program_cluster_safe/classical/metrics_summary.csv,mmr_multiclass,cross_program_cluster_safe,classical,regex,train,0.7329443447037702,0.6895297065636593,,,,,,0.7308677361778683
/home/jovyan/MethodKG_Clean/experiments/text_only/text_only_all/mmr_multiclass/cross_program_cluster_safe/classical/metrics_summary.csv,mmr_multiclass,cross_program_cluster_safe,classical,regex,validation,0.5925925925925926,0.5619460604754724,,,,,,0.6281704134645311
/home/jovyan/MethodKG_Clean/experiments/text_only/text_only_all/mmr_multiclass/cross_program_cluster_safe/classical/metrics_summary.csv,mmr_multiclass,cross_program_cluster_safe,classical,regex,test,0.7064220183486238,0.6955928382685915,,,,,,0.7123730580673178
/home/jovyan/MethodKG_Clean/experiments/text_only/text_only_all/mmr_multiclass/cross_program_cluster_safe/classical/metrics_summary.csv,mmr_multiclass,cross_program_cluster_safe,classical,tfidf_lr,train,0.9802513464991024,0.9799317143002324,,,,,,0.9802445347688497
/home/jovyan/MethodKG_Clean/experiments/text_only/text_only_all/mmr_multiclass/cross_program_cluster_safe/classical/metrics_summary.csv,mmr_multiclass,cross_program_cluster_safe,classical,tfidf_lr,validation,0.4629629629629629,0.3517704517704518,,,,,,0.4269569936236603
/home/jovyan/MethodKG_Clean/experiments/text_only/text_only_all/mmr_multiclass/cross_program_cluster_safe/classical/metrics_summary.csv,mmr_multiclass,cross_program_cluster_safe,classical,tfidf_lr,test,0.5229357798165137,0.3945976856046278,,,,,,0.4992115009881872
/home/jovyan/MethodKG_Clean/experiments/text_only/text_only_all/mmr_multiclass/cross_program_cluster_safe/classical/metrics_summary.csv,mmr_multiclass,cross_program_cluster_safe,classical,tfidf_svm,train,1.0,1.0,,,,,,1.0
/home/jovyan/MethodKG_Clean/experiments/text_only/text_only_all/mmr_multiclass/cross_program_cluster_safe/classical/metrics_summary.csv,mmr_multiclass,cross_program_cluster_safe,classical,tfidf_svm,validation,0.4074074074074074,0.3241366041366041,,,,,,0.3754390465501576
/home/jovyan/MethodKG_Clean/experiments/text_only/text_only_all/mmr_multiclass/cross_program_cluster_safe/classical/metrics_summary.csv,mmr_multiclass,cross_program_cluster_safe,classical,tfidf_svm,test,0.518348623853211,0.36613013296655,,,,,,0.4849683286440336
/home/jovyan/MethodKG_Clean/experiments/text_only/text_only_all/mmr_multiclass/cross_program_cluster_safe/classical/metrics_summary.csv,mmr_multiclass,cross_program_cluster_safe,classical,frozen_embedding_lr,train,0.7939856373429084,0.7915001494826618,,,,,,0.7944906929315719
/home/jovyan/MethodKG_Clean/experiments/text_only/text_only_all/mmr_multiclass/cross_program_cluster_safe/classical/metrics_summary.csv,mmr_multiclass,cross_program_cluster_safe,classical,frozen_embedding_lr,validation,0.2777777777777778,0.2730991230991231,,,,,,0.2761275761275761
/home/jovyan/MethodKG_Clean/experiments/text_only/text_only_all/mmr_multiclass/cross_program_cluster_safe/classical/metrics_summary.csv,mmr_multiclass,cross_program_cluster_safe,classical,frozen_embedding_lr,test,0.3853211009174312,0.335523902366158,,,,,,0.3994801747887716
/home/jovyan/MethodKG_Clean/experiments/text_only/text_only_all/mmr_multiclass/cross_program_cluster_safe/classical/metrics_summary.csv,mmr_multiclass,cross_program_cluster_safe,classical,frozen_embedding_mlp,train,0.9560143626570916,0.9514781202886968,,,,,,0.9559892012573634
/home/jovyan/MethodKG_Clean/experiments/text_only/text_only_all/mmr_multiclass/cross_program_cluster_safe/classical/metrics_summary.csv,mmr_multiclass,cross_program_cluster_safe,classical,frozen_embedding_mlp,validation,0.3148148148148148,0.2712071543593282,,,,,,0.2854043657183754
/home/jovyan/MethodKG_Clean/experiments/text_only/text_only_all/mmr_multiclass/cross_program_cluster_safe/classical/metrics_summary.csv,mmr_multiclass,cross_program_cluster_safe,classical,frozen_embedding_mlp,test,0.3394495412844037,0.2624660404538257,,,,,,0.3392184222831025
/home/jovyan/MethodKG_Clean/experiments/text_only/text_only_all/mmr_multiclass/edu_to_eng_cluster_safe/classical/metrics_summary.csv,mmr_multiclass,edu_to_eng_cluster_safe,classical,regex,train,0.7312703583061889,0.6884532339934881,,,,,,0.7299200753005721
/home/jovyan/MethodKG_Clean/experiments/text_only/text_only_all/mmr_multiclass/edu_to_eng_cluster_safe/classical/metrics_summary.csv,mmr_multiclass,edu_to_eng_cluster_safe,classical,regex,validation,0.7373417721518988,0.7006707450726509,,,,,,0.7414861737803787
/home/jovyan/MethodKG_Clean/experiments/text_only/text_only_all/mmr_multiclass/edu_to_eng_cluster_safe/classical/metrics_summary.csv,mmr_multiclass,edu_to_eng_cluster_safe,classical,regex,test,0.6988304093567251,0.6773264822202005,,,,,,0.6951054592917885
/home/jovyan/MethodKG_Clean/experiments/text_only/text_only_all/mmr_multiclass/edu_to_eng_cluster_safe/classical/metrics_summary.csv,mmr_multiclass,edu_to_eng_cluster_safe,classical,tfidf_lr,train,0.981541802388708,0.9819843652197756,,,,,,0.9816070989533144
/home/jovyan/MethodKG_Clean/experiments/text_only/text_only_all/mmr_multiclass/edu_to_eng_cluster_safe/classical/metrics_summary.csv,mmr_multiclass,edu_to_eng_cluster_safe,classical,tfidf_lr,validation,0.4746835443037974,0.3646143392887415,,,,,,0.4180816834077195
/home/jovyan/MethodKG_Clean/experiments/text_only/text_only_all/mmr_multiclass/edu_to_eng_cluster_safe/classical/metrics_summary.csv,mmr_multiclass,edu_to_eng_cluster_safe,classical,tfidf_lr,test,0.5555555555555556,0.4552039042324184,,,,,,0.5091454527367566
/home/jovyan/MethodKG_Clean/experiments/text_only/text_only_all/mmr_multiclass/edu_to_eng_cluster_safe/classical/metrics_summary.csv,mmr_multiclass,edu_to_eng_cluster_safe,classical,tfidf_svm,train,1.0,1.0,,,,,,1.0
/home/jovyan/MethodKG_Clean/experiments/text_only/text_only_all/mmr_multiclass/edu_to_eng_cluster_safe/classical/metrics_summary.csv,mmr_multiclass,edu_to_eng_cluster_safe,classical,tfidf_svm,validation,0.5158227848101266,0.4022209192716391,,,,,,0.4523929020573413
/home/jovyan/MethodKG_Clean/experiments/text_only/text_only_all/mmr_multiclass/edu_to_eng_cluster_safe/classical/metrics_summary.csv,mmr_multiclass,edu_to_eng_cluster_safe,classical,tfidf_svm,test,0.5321637426900585,0.4091580389772205,,,,,,0.4718949867997129
/home/jovyan/MethodKG_Clean/experiments/text_only/text_only_all/mmr_multiclass/edu_to_eng_cluster_safe/classical/metrics_summary.csv,mmr_multiclass,edu_to_eng_cluster_safe,classical,frozen_embedding_lr,train,0.8783930510314875,0.8824277761341106,,,,,,0.8778714458109472
/home/jovyan/MethodKG_Clean/experiments/text_only/text_only_all/mmr_multiclass/edu_to_eng_cluster_safe/classical/metrics_summary.csv,mmr_multiclass,edu_to_eng_cluster_safe,classical,frozen_embedding_lr,validation,0.2753164556962025,0.251564018031127,,,,,,0.2803804273536873
/home/jovyan/MethodKG_Clean/experiments/text_only/text_only_all/mmr_multiclass/edu_to_eng_cluster_safe/classical/metrics_summary.csv,mmr_multiclass,edu_to_eng_cluster_safe,classical,frozen_embedding_lr,test,0.3771929824561403,0.3504878850232059,,,,,,0.3821978436878041
/home/jovyan/MethodKG_Clean/experiments/text_only/text_only_all/mmr_multiclass/edu_to_eng_cluster_safe/classical/metrics_summary.csv,mmr_multiclass,edu_to_eng_cluster_safe,classical,frozen_embedding_mlp,train,0.9321389793702496,0.9289288792803996,,,,,,0.9319224674611118
/home/jovyan/MethodKG_Clean/experiments/text_only/text_only_all/mmr_multiclass/edu_to_eng_cluster_safe/classical/metrics_summary.csv,mmr_multiclass,edu_to_eng_cluster_safe,classical,frozen_embedding_mlp,validation,0.360759493670886,0.3142346439250464,,,,,,0.3481891243659868
/home/jovyan/MethodKG_Clean/experiments/text_only/text_only_all/mmr_multiclass/edu_to_eng_cluster_safe/classical/metrics_summary.csv,mmr_multiclass,edu_to_eng_cluster_safe,classical,frozen_embedding_mlp,test,0.4093567251461988,0.3338074176733909,,,,,,0.3890531015632441
/home/jovyan/MethodKG_Clean/experiments/text_only/text_only_all/mmr_multiclass/random_cluster_stratified/classical/metrics_summary.csv,mmr_multiclass,random_cluster_stratified,classical,regex,train,0.7331428571428571,0.6958655394182793,,,,,,0.7322880005304939
/home/jovyan/MethodKG_Clean/experiments/text_only/text_only_all/mmr_multiclass/random_cluster_stratified/classical/metrics_summary.csv,mmr_multiclass,random_cluster_stratified,classical,regex,validation,0.7393617021276596,0.704066958201048,,,,,,0.7353996220192213
/home/jovyan/MethodKG_Clean/experiments/text_only/text_only_all/mmr_multiclass/random_cluster_stratified/classical/metrics_summary.csv,mmr_multiclass,random_cluster_stratified,classical,regex,test,0.6898395721925134,0.640709268368469,,,,,,0.6891732182303487
/home/jovyan/MethodKG_Clean/experiments/text_only/text_only_all/mmr_multiclass/random_cluster_stratified/classical/metrics_summary.csv,mmr_multiclass,random_cluster_stratified,classical,tfidf_lr,train,0.9874285714285714,0.9879907801117326,,,,,,0.9874243965278592
/home/jovyan/MethodKG_Clean/experiments/text_only/text_only_all/mmr_multiclass/random_cluster_stratified/classical/metrics_summary.csv,mmr_multiclass,random_cluster_stratified,classical,tfidf_lr,validation,0.5079787234042553,0.3998969564669732,,,,,,0.4637501271043653
/home/jovyan/MethodKG_Clean/experiments/text_only/text_only_all/mmr_multiclass/random_cluster_stratified/classical/metrics_summary.csv,mmr_multiclass,random_cluster_stratified,classical,tfidf_lr,test,0.5294117647058824,0.4402621351861991,,,,,,0.4952353751064322
/home/jovyan/MethodKG_Clean/experiments/text_only/text_only_all/mmr_multiclass/random_cluster_stratified/classical/metrics_summary.csv,mmr_multiclass,random_cluster_stratified,classical,tfidf_svm,train,1.0,1.0,,,,,,1.0
/home/jovyan/MethodKG_Clean/experiments/text_only/text_only_all/mmr_multiclass/random_cluster_stratified/classical/metrics_summary.csv,mmr_multiclass,random_cluster_stratified,classical,tfidf_svm,validation,0.4920212765957447,0.3748297681290009,,,,,,0.4367529383424251
/home/jovyan/MethodKG_Clean/experiments/text_only/text_only_all/mmr_multiclass/random_cluster_stratified/classical/metrics_summary.csv,mmr_multiclass,random_cluster_stratified,classical,tfidf_svm,test,0.5240641711229946,0.4033720127582703,,,,,,0.4626831785011963
/home/jovyan/MethodKG_Clean/experiments/text_only/text_only_all/mmr_multiclass/random_cluster_stratified/classical/metrics_summary.csv,mmr_multiclass,random_cluster_stratified,classical,frozen_embedding_lr,train,0.8954285714285715,0.8974382014300196,,,,,,0.8951023285089572
/home/jovyan/MethodKG_Clean/experiments/text_only/text_only_all/mmr_multiclass/random_cluster_stratified/classical/metrics_summary.csv,mmr_multiclass,random_cluster_stratified,classical,frozen_embedding_lr,validation,0.3085106382978723,0.272419058250162,,,,,,0.3131932969987665
/home/jovyan/MethodKG_Clean/experiments/text_only/text_only_all/mmr_multiclass/random_cluster_stratified/classical/metrics_summary.csv,mmr_multiclass,random_cluster_stratified,classical,frozen_embedding_lr,test,0.3288770053475935,0.3015488179563937,,,,,,0.3301510835272986
/home/jovyan/MethodKG_Clean/experiments/text_only/text_only_all/mmr_multiclass/random_cluster_stratified/classical/metrics_summary.csv,mmr_multiclass,random_cluster_stratified,classical,frozen_embedding_mlp,train,0.9497142857142856,0.9458899442356996,,,,,,0.9495061421309412
/home/jovyan/MethodKG_Clean/experiments/text_only/text_only_all/mmr_multiclass/random_cluster_stratified/classical/metrics_summary.csv,mmr_multiclass,random_cluster_stratified,classical,frozen_embedding_mlp,validation,0.3856382978723404,0.3141011846958457,,,,,,0.3611662927852476
/home/jovyan/MethodKG_Clean/experiments/text_only/text_only_all/mmr_multiclass/random_cluster_stratified/classical/metrics_summary.csv,mmr_multiclass,random_cluster_stratified,classical,frozen_embedding_mlp,test,0.3716577540106952,0.3063609831170595,,,,,,0.3453420443871907
/home/jovyan/MethodKG_Clean/experiments/text_only/text_only_all/mmr_multiclass/random_cluster_stratified/transformer/metrics_summary.csv,mmr_multiclass,random_cluster_stratified,transformer,,train,0.964,0.9588989422831324,,,,,,0.9637054600484964
/home/jovyan/MethodKG_Clean/experiments/text_only/text_only_all/mmr_multiclass/random_cluster_stratified/transformer/metrics_summary.csv,mmr_multiclass,random_cluster_stratified,transformer,,validation,0.7340425531914894,0.7028175444709942,,,,,,0.7311621365989646
/home/jovyan/MethodKG_Clean/experiments/text_only/text_only_all/mmr_multiclass/random_cluster_stratified/transformer/metrics_summary.csv,mmr_multiclass,random_cluster_stratified,transformer,,test,0.7058823529411765,0.6555832061362136,,,,,,0.7009921310954215
/home/jovyan/MethodKG_Clean/experiments/text_only/text_only_all/mmr_multiclass/temporal_cluster_safe/classical/metrics_summary.csv,mmr_multiclass,temporal_cluster_safe,classical,regex,train,0.6674622116149562,0.6651110885184821,,,,,,0.6647139991777344
/home/jovyan/MethodKG_Clean/experiments/text_only/text_only_all/mmr_multiclass/temporal_cluster_safe/classical/metrics_summary.csv,mmr_multiclass,temporal_cluster_safe,classical,regex,validation,0.7398843930635838,0.6697484162528755,,,,,,0.7392859469810836
/home/jovyan/MethodKG_Clean/experiments/text_only/text_only_all/mmr_multiclass/temporal_cluster_safe/classical/metrics_summary.csv,mmr_multiclass,temporal_cluster_safe,classical,regex,test,0.8071348940914158,0.6292980448294218,,,,,,0.800633980626185
/home/jovyan/MethodKG_Clean/experiments/text_only/text_only_all/mmr_multiclass/temporal_cluster_safe/classical/metrics_summary.csv,mmr_multiclass,temporal_cluster_safe,classical,tfidf_lr,train,0.9928400954653938,0.993952553716552,,,,,,0.9928369484798806
/home/jovyan/MethodKG_Clean/experiments/text_only/text_only_all/mmr_multiclass/temporal_cluster_safe/classical/metrics_summary.csv,mmr_multiclass,temporal_cluster_safe,classical,tfidf_lr,validation,0.4797687861271676,0.3421158713851099,,,,,,0.4306534922062204
/home/jovyan/MethodKG_Clean/experiments/text_only/text_only_all/mmr_multiclass/temporal_cluster_safe/classical/metrics_summary.csv,mmr_multiclass,temporal_cluster_safe,classical,tfidf_lr,test,0.5562987736900781,0.3447198914017264,,,,,,0.511066878752525
/home/jovyan/MethodKG_Clean/experiments/text_only/text_only_all/mmr_multiclass/temporal_cluster_safe/classical/metrics_summary.csv,mmr_multiclass,temporal_cluster_safe,classical,tfidf_svm,train,1.0,1.0,,,,,,1.0
/home/jovyan/MethodKG_Clean/experiments/text_only/text_only_all/mmr_multiclass/temporal_cluster_safe/classical/metrics_summary.csv,mmr_multiclass,temporal_cluster_safe,classical,tfidf_svm,validation,0.4942196531791907,0.3611570507705773,,,,,,0.4437588059486088
/home/jovyan/MethodKG_Clean/experiments/text_only/text_only_all/mmr_multiclass/temporal_cluster_safe/classical/metrics_summary.csv,mmr_multiclass,temporal_cluster_safe,classical,tfidf_svm,test,0.5707915273132664,0.3654794417728826,,,,,,0.5263278991980679
/home/jovyan/MethodKG_Clean/experiments/text_only/text_only_all/mmr_multiclass/temporal_cluster_safe/classical/metrics_summary.csv,mmr_multiclass,temporal_cluster_safe,classical,frozen_embedding_lr,train,0.9864757358790772,0.9881957060990124,,,,,,0.986441228829336
/home/jovyan/MethodKG_Clean/experiments/text_only/text_only_all/mmr_multiclass/temporal_cluster_safe/classical/metrics_summary.csv,mmr_multiclass,temporal_cluster_safe,classical,frozen_embedding_lr,validation,0.2976878612716763,0.2659649965753779,,,,,,0.311412096541814
/home/jovyan/MethodKG_Clean/experiments/text_only/text_only_all/mmr_multiclass/temporal_cluster_safe/classical/metrics_summary.csv,mmr_multiclass,temporal_cluster_safe,classical,frozen_embedding_lr,test,0.2931995540691193,0.2308848671364979,,,,,,0.3138902201970127
/home/jovyan/MethodKG_Clean/experiments/text_only/text_only_all/mmr_multiclass/temporal_cluster_safe/classical/metrics_summary.csv,mmr_multiclass,temporal_cluster_safe,classical,frozen_embedding_mlp,train,0.9363564041368336,0.9355100647905564,,,,,,0.93613854494933
/home/jovyan/MethodKG_Clean/experiments/text_only/text_only_all/mmr_multiclass/temporal_cluster_safe/classical/metrics_summary.csv,mmr_multiclass,temporal_cluster_safe,classical,frozen_embedding_mlp,validation,0.3121387283236994,0.2715492595354135,,,,,,0.3167828781507364
/home/jovyan/MethodKG_Clean/experiments/text_only/text_only_all/mmr_multiclass/temporal_cluster_safe/classical/metrics_summary.csv,mmr_multiclass,temporal_cluster_safe,classical,frozen_embedding_mlp,test,0.302118171683389,0.2276441957753735,,,,,,0.3239338164666673
/home/jovyan/MethodKG_Clean/experiments/text_only/text_only_all/mmr_multiclass/temporal_cluster_safe/transformer/metrics_summary.csv,mmr_multiclass,temporal_cluster_safe,transformer,,train,0.9156722354813048,0.9144832394280116,,,,,,0.9139183327887086
/home/jovyan/MethodKG_Clean/experiments/text_only/text_only_all/mmr_multiclass/temporal_cluster_safe/transformer/metrics_summary.csv,mmr_multiclass,temporal_cluster_safe,transformer,,validation,0.6994219653179191,0.6214766833621227,,,,,,0.7014253655476884
/home/jovyan/MethodKG_Clean/experiments/text_only/text_only_all/mmr_multiclass/temporal_cluster_safe/transformer/metrics_summary.csv,mmr_multiclass,temporal_cluster_safe,transformer,,test,0.693422519509476,0.5090888379353365,,,,,,0.6997269540134347
