award_id,benchmark_id,project_cluster_id,y_true,y_pred,score
1503196,methodkg_v3_01055,projtxt_581cb0029a749608,1,1,1.6093376620185358
1614745,methodkg_v3_01185,projtxt_8eb705654915c8db,1,1,1.172073007571343
1615207,methodkg_v3_01186,projtxt_8eb705654915c8db,1,1,0.7192593331051638
1652825,methodkg_v3_01259,projtxt_28187647d8a3d2e2,1,1,1.502943494402981
1664271,methodkg_v3_01277,projtxt_419c744c21fbb08c,1,1,0.8157975974946532
1664274,methodkg_v3_01279,projtxt_419c744c21fbb08c,1,1,1.443884266873966
1719872,methodkg_v3_01320,projtxt_8088c7349e2bdc74,1,1,1.7918405360321767
1720838,methodkg_v3_01322,projtxt_8088c7349e2bdc74,1,1,1.0017571939584933
1721054,methodkg_v3_01324,projtxt_4cbc11a4f15f35b2,1,1,1.6106577035041416
1723884,methodkg_v3_01337,projtxt_8eb705654915c8db,1,1,0.1930990006029762
1751314,methodkg_v3_01381,projtxt_1e0eac3bf43c3824,1,1,1.5522000521658919
1826354,methodkg_v3_01444,projtxt_b3668904556b5a44,1,1,1.3715309970495735
1906172,methodkg_v3_01521,projtxt_4455eb16036684bc,1,1,0.5244141689372455
1908481,methodkg_v3_01540,projtxt_d637720f93037f89,1,1,1.3063431203085405
1914647,methodkg_v3_01553,projtxt_a69c6225838e44f4,1,1,1.0170431100781971
1914735,methodkg_v3_01554,projtxt_a69c6225838e44f4,1,0,-0.045351102623724826
1918847,methodkg_v3_01561,projtxt_d8d21047274dc792,1,1,1.220972001540172
1920753,methodkg_v3_01566,projtxt_0240ff43f165b15f,1,1,2.279720814338068
1925188,methodkg_v3_01573,projtxt_40cb08fa8174c66a,1,1,1.6979800608425968
1929409,methodkg_v3_01579,projtxt_84ffc186b2131bee,1,0,-0.8796626388589928
1930026,methodkg_v3_01581,projtxt_db75ff96db6ad2cf,1,0,-0.4856993359900505
1930076,methodkg_v3_01582,projtxt_97dcb0d686e56278,1,0,-0.01533743063956755
1930132,methodkg_v3_01583,projtxt_6db1916ad653d07f,1,0,-0.2848018650252122
1930341,methodkg_v3_01584,projtxt_3f700d0b69aa9711,1,1,0.7579804173228928
1930373,methodkg_v3_01585,projtxt_3297f30107628541,1,1,0.28511991956060373
1930419,methodkg_v3_01587,projtxt_3297f30107628541,1,0,-0.3389644559587706
1930492,methodkg_v3_01589,projtxt_80ef02953667abe0,1,1,0.7793350113949729
1930497,methodkg_v3_01590,projtxt_72730f2dbe5e6fed,1,0,-0.5344982471204187
1930502,methodkg_v3_01591,projtxt_cf1351dd3569160f,1,0,-0.21832683165991806
1930539,methodkg_v3_01592,projtxt_86e777ee967b6323,1,0,-0.24017548440007258
1930553,methodkg_v3_01593,projtxt_3297f30107628541,1,1,0.5566923814111417
1933277,methodkg_v3_01594,projtxt_0079014c8f062e74,0,0,-0.4920734049656274
1933717,methodkg_v3_01597,projtxt_d0c62a6072f70963,1,1,2.140383718946281
1934126,methodkg_v3_01598,projtxt_67725d849ee2b18d,1,1,1.2096124076786687
1936070,methodkg_v3_01601,projtxt_6ff4baf5c6f79d00,1,0,-0.0039475991234064756
1937391,methodkg_v3_01606,projtxt_2880e457027f1848,1,1,1.734678467535393
1937490,methodkg_v3_01607,projtxt_2880e457027f1848,1,1,0.6611342299893694
1937587,methodkg_v3_01608,projtxt_e6ce90dae9e32586,1,1,0.9244129753514785
1937687,methodkg_v3_01609,projtxt_2880e457027f1848,1,1,0.8552495765125137
1939038,methodkg_v3_01613,projtxt_5c5ea81c45ec3bd9,1,0,-0.5134253262241444
1941642,methodkg_v3_01614,projtxt_ca9778df6f48109f,1,1,1.845361558613069
1941668,methodkg_v3_01615,projtxt_a6e329ed0bca9a95,1,1,1.2643875880729412
1941952,methodkg_v3_01616,projtxt_c914da900173fc64,1,1,0.5815307268799028
1943146,methodkg_v3_01617,projtxt_ffc1ae36e51f993a,1,1,1.1031501775773047
1943285,methodkg_v3_01618,projtxt_7139c2f38e0485f8,1,1,2.8613548056209988
1943541,methodkg_v3_01619,projtxt_edfaa35f70bc9413,1,1,0.018333695350652934
1943934,methodkg_v3_01620,projtxt_778ea6497fc9bc51,1,1,1.447971385324768
1944807,methodkg_v3_01621,projtxt_538a1cff5f8ead0a,1,1,1.773530750872611
1945961,methodkg_v3_01622,projtxt_92bd8414ca5aa71c,1,1,1.1361553599154053
1945963,methodkg_v3_01623,projtxt_92bd8414ca5aa71c,1,1,0.8864589778201988
1946553,methodkg_v3_01624,projtxt_b31208f5a5fd0e36,0,0,-0.05140773306848195
1948981,methodkg_v3_01625,projtxt_9216304495c7afc9,1,1,1.4463768850607446
1949241,methodkg_v3_01626,projtxt_6ee2d362b8808c62,1,1,0.6885997615873436
1949454,methodkg_v3_01627,projtxt_3c0da319bbf85654,1,1,1.1225541307665536
1949585,methodkg_v3_01628,projtxt_8ad9ba0fcf7f8329,1,1,0.7131514794999883
1949586,methodkg_v3_01629,projtxt_3d2c55f5777f9659,1,1,1.1226933132888814
1949718,methodkg_v3_01630,projtxt_ab364f93b900e1d6,1,0,-0.10884945146703434
1949848,methodkg_v3_01631,projtxt_0890ed3878ad05d4,1,0,-0.15158941809884974
1949990,methodkg_v3_01632,projtxt_312ecb29cb0c32e3,1,1,0.034108790248823184
1950064,methodkg_v3_01633,projtxt_c85bb658c0286871,1,1,0.8628643566330092
1950304,methodkg_v3_01634,projtxt_16e774e086be968e,1,0,-1.017777513159462
1950340,methodkg_v3_01635,projtxt_b91832d5cf4e09ef,1,1,0.38766989882518615
1950351,methodkg_v3_01636,projtxt_070c0ccb61972acb,1,0,-0.34628616324019856
1950645,methodkg_v3_01637,projtxt_e273a609e619cf5d,0,0,-0.19748507757971967
1953561,methodkg_v3_01640,projtxt_2d6ed7a1fc12623c,1,1,0.17243025212373947
1953640,methodkg_v3_01641,projtxt_74622fc86a95a642,1,1,0.6412729387278031
1953752,methodkg_v3_01642,projtxt_ef3664245ec441f8,1,1,0.4091401677768078
1953762,methodkg_v3_01643,projtxt_bb48fe9fbbd8cb96,1,1,0.5557598466301905
1955792,methodkg_v3_01645,projtxt_faacaab7f2993e8b,1,1,0.1576964175601761
1955896,methodkg_v3_01646,projtxt_4b1266e7518aee6c,1,1,0.34748320751799583
2000091,methodkg_v3_01647,projtxt_ae3c4b8ecb4151b3,0,1,0.6963709832400558
2000183,methodkg_v3_01648,projtxt_88bf105227e72af5,1,0,-0.16898529995816403
2000292,methodkg_v3_01649,projtxt_7367c279896a105a,1,0,-0.549484176297352
2000442,methodkg_v3_01650,projtxt_9d9897a72b84ff96,1,0,-0.3737854065327072
2000487,methodkg_v3_01651,projtxt_c397cb243aa09775,1,1,1.0253860951742821
2000535,methodkg_v3_01652,projtxt_b4fd403b3ee2f755,1,0,-0.36610014841404376
2000573,methodkg_v3_01653,projtxt_bb02493e45da4e98,1,0,-0.4030896691315642
2000583,methodkg_v3_01654,projtxt_8db6bf522b0e4278,1,0,-0.3737854065327072
2000725,methodkg_v3_01655,projtxt_ad42f18157401191,1,0,-0.19879020624011373
2000730,methodkg_v3_01656,projtxt_74961d9da4331479,1,1,0.8150690815581485
2000750,methodkg_v3_01657,projtxt_64a6cfd56cb622be,1,1,1.167624820574767
2000779,methodkg_v3_01658,projtxt_8352fa0c929c04f6,1,0,-0.3330283157730125
2000786,methodkg_v3_01659,projtxt_d8f480b8008742d2,0,0,-0.4414220045677919
2000799,methodkg_v3_01660,projtxt_8db6bf522b0e4278,1,0,-0.47068683869107886
2000847,methodkg_v3_01661,projtxt_1843f25f9fa00a82,1,1,0.9696751510370072
2000866,methodkg_v3_01662,projtxt_07bb8f0e1d6e4563,1,0,-0.4914133842228245
2000887,methodkg_v3_01663,projtxt_8cb063097dfb6732,1,0,-0.7586759881753917
2000888,methodkg_v3_01664,projtxt_8352fa0c929c04f6,1,0,-0.4534948791638346
2003126,methodkg_v3_01665,projtxt_a165f390e89cfe84,1,1,0.6405267798165983
2004898,methodkg_v3_01666,projtxt_5dcabfeb784c0b83,1,1,0.09324985033950123
2005608,methodkg_v3_01667,projtxt_c11ee3f35a918c20,1,1,0.2596981027336637
2005812,methodkg_v3_01668,projtxt_b95b6cfe68b34891,1,1,1.4236942624898181
2005840,methodkg_v3_01669,projtxt_fcf5f66967f62cda,1,0,-0.045685426339217905
2005890,methodkg_v3_01670,projtxt_c9377c56ecceb7cd,1,1,0.10173277329079805
2005898,methodkg_v3_01671,projtxt_b1f95fa3e4d238f6,1,1,0.5626383472764407
2005973,methodkg_v3_01672,projtxt_7ed419d4bc2ba6d1,1,0,-0.06409480912489368
2009127,methodkg_v3_01674,projtxt_43973e295db733f1,1,1,1.0993867458724058
2009977,methodkg_v3_01675,projtxt_6c58c2723d9ca28d,1,1,1.0120474387368943
2010038,methodkg_v3_01676,projtxt_5c1b2538431da6c4,1,1,0.8994186240637496
2010124,methodkg_v3_01677,projtxt_b0253048c82c9b45,1,0,-0.10434094409428335
2010139,methodkg_v3_01678,projtxt_36e3f0e52522f5b8,1,0,-0.5947162628215451
2010237,methodkg_v3_01679,projtxt_36e3f0e52522f5b8,1,1,0.9355438803934188
2010256,methodkg_v3_01680,projtxt_71464314de1a6ae0,1,1,1.4558602348331673
2010276,methodkg_v3_01681,projtxt_55a9f562e4cd53ea,1,1,1.1073026797197796
2010312,methodkg_v3_01682,projtxt_18923a8d781d3ce1,1,1,1.0993867458724058
2010361,methodkg_v3_01683,projtxt_40ed1e613baf709d,1,1,1.7823367813814943
2010530,methodkg_v3_01684,projtxt_f77066fb2e35b671,1,1,1.1073026797197796
2011917,methodkg_v3_01686,projtxt_52c8cdc31ed618f7,1,0,-0.026107099338676
2013484,methodkg_v3_01687,projtxt_5b928720de054206,1,1,0.9083076305603532
2013495,methodkg_v3_01688,projtxt_b56be3648800a044,1,1,0.7264064499380194
2013504,methodkg_v3_01689,projtxt_581742c900847167,1,1,0.6118544034044249
2013554,methodkg_v3_01690,projtxt_581742c900847167,1,1,1.4463768850607446
2013575,methodkg_v3_01691,projtxt_581742c900847167,1,1,1.3763155317021931
2013612,methodkg_v3_01692,projtxt_581742c900847167,1,1,1.395779279382755
2017704,methodkg_v3_01694,projtxt_488cf667255d5ec6,1,0,-0.22007454138312
2019843,methodkg_v3_01695,projtxt_3dba2fac3e4b3c7d,1,1,1.1239688586962528
2021157,methodkg_v3_01696,projtxt_0e541a45c0857b90,1,1,1.3401448692422848
2021315,methodkg_v3_01697,projtxt_05d46ffd3235e167,1,1,1.6986400815853997
2021402,methodkg_v3_01698,projtxt_0e541a45c0857b90,1,1,2.4249607305017973
2021499,methodkg_v3_01700,projtxt_11ff25a3e026dd9e,1,1,0.819137036406343
2021512,methodkg_v3_01701,projtxt_38536b8971393ae3,1,1,1.6986400815853997
2021546,methodkg_v3_01702,projtxt_c008bb331b562fae,1,1,1.1131079463783045
2021585,methodkg_v3_01703,projtxt_d6f7eee5a5068c4f,1,0,-0.23394380022872532
2022271,methodkg_v3_01705,projtxt_3d81c81a5d40db15,1,0,-0.07715935787931921
2024394,methodkg_v3_01706,projtxt_136108f711124309,1,1,0.341272887224971
2025046,methodkg_v3_01707,projtxt_3273fcdf75ac2eca,1,1,0.3269724253634136
2025181,methodkg_v3_01708,projtxt_7a37b2900802a79b,1,1,0.46848776604912307
2025280,methodkg_v3_01709,projtxt_3b2c31bd8f1120e1,1,1,0.1566617345475964
2025349,methodkg_v3_01710,projtxt_890b00eccb5490d1,1,0,-0.3647782817362578
2025682,methodkg_v3_01711,projtxt_a0b1764ed538601c,1,1,1.4889424908070872
2025685,methodkg_v3_01712,projtxt_a0b1764ed538601c,1,1,1.3199769828140528
2025686,methodkg_v3_01713,projtxt_a0b1764ed538601c,1,1,1.5696733649092593
2025805,methodkg_v3_01714,projtxt_a1dd20a6546cdbde,1,1,1.5642741412349455
2027470,methodkg_v3_01715,projtxt_8a0e4a26b652bcee,1,0,-0.05852560235127868
2027506,methodkg_v3_01716,projtxt_d2c2518effb60533,1,1,1.5806149945936434
2027637,methodkg_v3_01717,projtxt_f96090237fcd97c5,1,1,1.270265044880892
2028026,methodkg_v3_01718,projtxt_aac4d74a5538a9a4,1,1,0.37287892115483195
2028469,methodkg_v3_01719,projtxt_9a562e711cdbc5df,1,1,0.20553551180010526
2028473,methodkg_v3_01720,projtxt_9a562e711cdbc5df,1,0,-0.26247238934173434
2028811,methodkg_v3_01721,projtxt_25e4c8bf7fdeef7d,1,1,0.5266266384342699
2029357,methodkg_v3_01722,projtxt_e4babd675b33d7ce,1,0,-0.4783469451400833
2029642,methodkg_v3_01723,projtxt_9393236714b6150b,1,1,0.9986799690646755
2029782,methodkg_v3_01724,projtxt_f1685174d1ec5ac1,1,1,0.9778725852190788
2029784,methodkg_v3_01725,projtxt_f1685174d1ec5ac1,1,1,0.17006845678793797
2029785,methodkg_v3_01726,projtxt_f1685174d1ec5ac1,1,1,1.1178882304780882
2029796,methodkg_v3_01727,projtxt_f1685174d1ec5ac1,1,1,1.076454868935408
2030297,methodkg_v3_01728,projtxt_107809376b881e76,1,0,-0.19866518191484012
2030313,methodkg_v3_01729,projtxt_c260f54edfa3aeea,1,1,0.3246943366050908
2030485,methodkg_v3_01730,projtxt_6dcc701a6946ab7c,1,0,-0.01467740989676486
2030582,methodkg_v3_01731,projtxt_3bf3ed2d72d9a7d4,1,0,-0.1323053875868821
2030663,methodkg_v3_01732,projtxt_8776aec8d5d08fad,1,0,-0.08147237644113564
2030720,methodkg_v3_01733,projtxt_136136095b0d869c,1,1,0.08055247160431483
2030731,methodkg_v3_01734,projtxt_3d28a471c31c1fed,1,0,-0.2688894399800482
2030969,methodkg_v3_01735,projtxt_5e0dafaa586aa782,1,0,-0.04398167249562185
2032226,methodkg_v3_01736,projtxt_a8ac78bda88a933f,1,1,0.1694259129192907
2032737,methodkg_v3_01737,projtxt_96c5aeb928b6fc0d,1,1,1.3204663224120063
2032781,methodkg_v3_01738,projtxt_c2fd6d210dc4e494,1,1,0.38763988603987815
2032802,methodkg_v3_01739,projtxt_f095e6fb1d1c0b69,1,0,-1.2122518802055526
2033389,methodkg_v3_01740,projtxt_90c43779a8a5720a,1,1,0.7138590976277996
2036549,methodkg_v3_01741,projtxt_c914da900173fc64,1,1,0.9063484263611645
2036870,methodkg_v3_01742,projtxt_142017d3ef898744,1,0,-0.26773449983379205
2037403,methodkg_v3_01743,projtxt_6660b04cadc1652e,1,0,-0.06362321145934641
2037809,methodkg_v3_01744,projtxt_32952c460a095f4b,1,0,-0.720977566315411
2039583,methodkg_v3_01745,projtxt_65adfd7e3855b7b0,1,1,0.9841849538031939
2039864,methodkg_v3_01746,projtxt_5327f06f8a5f3e1f,1,1,0.4794779409952465
2039871,methodkg_v3_01747,projtxt_5327f06f8a5f3e1f,1,0,-0.152705848779411
2040795,methodkg_v3_01748,projtxt_41ca7e3bca25e83a,1,1,1.2714872221887445
2041960,methodkg_v3_01749,projtxt_375738a06ffe805e,1,1,1.182855675819127
2042142,methodkg_v3_01750,projtxt_3fe01440b485bf54,1,1,1.2071351604125473
2044243,methodkg_v3_01751,projtxt_8f732fba024f8be2,1,1,1.5443189617997228
2044333,methodkg_v3_01752,projtxt_85c2aa548b53e1ca,1,1,1.1203147293549036
2044390,methodkg_v3_01753,projtxt_2e227719662e01a9,1,1,1.4470369058035475
2044473,methodkg_v3_01754,projtxt_91e9a4ecd33bbc95,1,1,1.0216996103720137
2044879,methodkg_v3_01755,projtxt_7b2413bc1813c48f,1,1,1.7736551458842553
2045634,methodkg_v3_01756,projtxt_2ca1f93eb272b514,1,1,1.8472040621826087
2046079,methodkg_v3_01757,projtxt_b6340fda16d76b7c,1,1,0.8846951730192372
2047105,methodkg_v3_01758,projtxt_20ca67bdf7062978,1,1,1.1880438771924775
2047420,methodkg_v3_01759,projtxt_d28552bd7d4a26bc,1,1,0.6462335647478574
2048018,methodkg_v3_01760,projtxt_ca9cfb151e84a532,1,1,1.5745496337966498
2048833,methodkg_v3_01761,projtxt_22aeb2814d4aec49,1,1,0.15845113922591264
2048852,methodkg_v3_01762,projtxt_8f79e7c14ab37768,1,1,0.9235136901777927
2048987,methodkg_v3_01763,projtxt_fe4f7a114e28c6c1,1,1,1.4662025111713226
2049044,methodkg_v3_01764,projtxt_6f8b85ebdac7ab2e,1,0,-0.20627211885339042
2049974,methodkg_v3_01765,projtxt_3aa85a70fb40c265,1,1,1.7079993344099902
2050443,methodkg_v3_01766,projtxt_b0b47ab564309008,1,1,0.042659572168873006
2050542,methodkg_v3_01767,projtxt_00e617ceb94357a0,1,0,-0.25610369559500096
2050619,methodkg_v3_01768,projtxt_1f30b70c3608c43d,1,1,1.350782924516893
2050669,methodkg_v3_01769,projtxt_d3ae1329d07b3ae9,1,0,-0.25610369559500096
2050699,methodkg_v3_01770,projtxt_c69b5cd32c68de78,0,1,0.17357108437489926
2050899,methodkg_v3_01771,projtxt_ed8837fd99c3a98e,0,1,0.9642104547179022
2050956,methodkg_v3_01772,projtxt_4b2df178340abb78,1,1,0.8673118195832681
2051156,methodkg_v3_01773,projtxt_ed8837fd99c3a98e,0,0,-0.7528738214505548
2052788,methodkg_v3_01774,projtxt_fa827ef23a09221b,0,0,-0.6636872651445737
2054823,methodkg_v3_01775,projtxt_f71ef5460cda3eba,1,1,2.7022756443985263
2055250,methodkg_v3_01776,projtxt_04722a9a9f318893,0,0,-0.5839994474190022
2055288,methodkg_v3_01777,projtxt_b7b708bbee0a531c,1,0,-0.5979634395504095
2055343,methodkg_v3_01778,projtxt_ddedba33ddbac6d0,1,1,1.9719653926667065
2055375,methodkg_v3_01779,projtxt_69039fc46350f034,1,1,3.07120586527262
2055379,methodkg_v3_01780,projtxt_391b75ddbd420d32,1,1,1.5203920164263336
2055534,methodkg_v3_01781,projtxt_391b75ddbd420d32,1,1,1.8059931253944075
2055550,methodkg_v3_01782,projtxt_f92fa8e3bfb31738,1,1,1.1285305746649865
2055597,methodkg_v3_01783,projtxt_a1c4736254463bc0,1,1,0.3157348915982398
2055609,methodkg_v3_01784,projtxt_a1c4736254463bc0,1,0,-0.8715140078312453
2055705,methodkg_v3_01785,projtxt_1f3a89111286dec6,1,1,0.2590135359173575
2100017,methodkg_v3_01786,projtxt_d74f3b28b97e8bc1,1,1,1.2275125187512983
2100029,methodkg_v3_01787,projtxt_4777dfa70dc91073,1,0,-0.6425946070219186
2100062,methodkg_v3_01788,projtxt_62d4a8b113079ea1,1,0,-0.6425898201755492
2100081,methodkg_v3_01789,projtxt_24728f8115dda450,1,1,0.926938398412964
2100137,methodkg_v3_01790,projtxt_1470d9f5a722f6ac,1,1,1.6695140464442788
2100138,methodkg_v3_01791,projtxt_1470d9f5a722f6ac,1,1,1.3781312315110332
2100139,methodkg_v3_01792,projtxt_d74f3b28b97e8bc1,1,1,0.6177652503799727
2100149,methodkg_v3_01793,projtxt_b400e59d6e899efb,1,0,-0.4024296483887615
2100242,methodkg_v3_01794,projtxt_65345c6a2934bdc1,1,1,2.964057069871284
2100296,methodkg_v3_01795,projtxt_f92fa8e3bfb31738,1,1,1.4082914067795138
2100617,methodkg_v3_01796,projtxt_f21d59f3a22b7a7b,1,1,0.7552735554849033
2100823,methodkg_v3_01797,projtxt_0df2d658d9ae017c,1,1,0.5174040672537885
2100835,methodkg_v3_01798,projtxt_7d41cd094cba0959,1,0,-0.6964466918501753
2101138,methodkg_v3_01799,projtxt_fa6e65c73f689323,1,0,-0.19017393195551585
2101217,methodkg_v3_01800,projtxt_90e4ed2686df5f87,1,1,0.26820902859839485
2101255,methodkg_v3_01801,projtxt_8628b870f689a97f,1,0,-0.29695032035814695
2101669,methodkg_v3_01802,projtxt_6363c8b5fefc3c5b,1,1,1.307802344316474
2101670,methodkg_v3_01803,projtxt_6363c8b5fefc3c5b,1,1,0.544492325762725
2104782,methodkg_v3_01804,projtxt_80e2ac83636fc362,1,1,0.5838688082590853
2104792,methodkg_v3_01805,projtxt_80e2ac83636fc362,1,1,0.8787764189097251
2104979,methodkg_v3_01806,projtxt_80e2ac83636fc362,1,1,1.8839841593593587
2105156,methodkg_v3_01807,projtxt_a89d5fc253c3edcf,1,1,0.6804908435124575
2105695,methodkg_v3_01808,projtxt_581cb0029a749608,1,1,0.6745108565793232
2106319,methodkg_v3_01809,projtxt_d006e28f0c25de40,1,1,0.29764115496622706
2106670,methodkg_v3_01810,projtxt_02dd6aff64e675ab,1,1,0.5272866591770726
2107631,methodkg_v3_01811,projtxt_9dfa5a67ff8d01e7,1,1,0.009037147221132524
2109443,methodkg_v3_01812,projtxt_9cd26396189dac60,1,1,0.7156296345217628
2109942,methodkg_v3_01813,projtxt_6df75f043518ef1c,1,1,1.2558040109617314
2110641,methodkg_v3_01814,projtxt_2b3d21e0a778e78f,1,1,1.376975552444996
2110777,methodkg_v3_01815,projtxt_b6599599f28d37ea,1,1,0.935124740889631
2111119,methodkg_v3_01816,projtxt_457f9ffbbf2d35a3,1,1,1.9639439629412985
2111150,methodkg_v3_01817,projtxt_a084b4bbc27abd6c,1,1,1.4470369058035475
2111262,methodkg_v3_01818,projtxt_029a40bc421ed1cd,1,1,1.1062346762373823
2111331,methodkg_v3_01819,projtxt_2b3d21e0a778e78f,1,1,1.78456006943259
2111377,methodkg_v3_01820,projtxt_431f920df327edc2,1,1,1.644299792568021
2111386,methodkg_v3_01821,projtxt_431f920df327edc2,1,1,1.1826670876737448
2111510,methodkg_v3_01822,projtxt_431f920df327edc2,1,1,1.095272356923954
2111533,methodkg_v3_01823,projtxt_2b3d21e0a778e78f,1,1,1.376975552444996
2112532,methodkg_v3_01824,projtxt_6b8610f65b9d0a26,1,1,1.0258372107498304
2112689,methodkg_v3_01825,projtxt_e6ce90dae9e32586,1,1,0.7732232214273231
2113261,methodkg_v3_01826,projtxt_07bb8f0e1d6e4563,1,0,-0.4914133842228245
2113755,methodkg_v3_01827,projtxt_419c744c21fbb08c,1,1,1.4340227739257623
2113844,methodkg_v3_01828,projtxt_60b916538d4596e2,1,0,-0.4683418326949037
2113845,methodkg_v3_01829,projtxt_60b916538d4596e2,1,1,0.7471963393531544
2113846,methodkg_v3_01830,projtxt_60b916538d4596e2,1,0,-0.2148805804642741
2114824,methodkg_v3_01831,projtxt_cddf7e0cc0ad4502,1,1,1.042254375995067
2115138,methodkg_v3_01832,projtxt_322477d0381a6689,1,0,-0.5035000832894088
2115160,methodkg_v3_01833,projtxt_b40ebcd25b6e91b6,1,0,-0.22063624410751131
2115579,methodkg_v3_01834,projtxt_baf70c75a8059db2,1,1,0.735363391452954
2115730,methodkg_v3_01835,projtxt_7763d695e0220998,1,1,0.044312542290056434
2115921,methodkg_v3_01836,projtxt_f72f6ecc2a8b5b4d,1,1,0.016873636768542588
2116110,methodkg_v3_01837,projtxt_b8b762d37efd596b,1,1,0.4529141921829905
2116118,methodkg_v3_01838,projtxt_8c65c85ff9a52003,1,1,0.11132843586170732
2117224,methodkg_v3_01839,projtxt_a94ace5ca3dd0458,1,1,1.8833241386165562
2118077,methodkg_v3_01840,projtxt_a94ace5ca3dd0458,1,1,0.9207319511453247
2119007,methodkg_v3_01841,projtxt_e2130aa1f81e40cf,1,1,1.0697790806572998
2120021,methodkg_v3_01842,projtxt_a022754d031d0071,1,1,0.2431455451794497
2120742,methodkg_v3_01843,projtxt_341cbb6d07fed890,1,1,0.1952508656139333
2120849,methodkg_v3_01844,projtxt_9bc6cd06b64ed5f5,1,1,0.5277973509945548
2121277,methodkg_v3_01845,projtxt_5f6ee756fe5294a3,1,1,0.3954862855923615
2121342,methodkg_v3_01846,projtxt_bd3f28e8b2018c36,1,1,0.9993399898074784
2121351,methodkg_v3_01847,projtxt_1af6bfc9255aa9de,1,1,1.51168127903292
2121417,methodkg_v3_01848,projtxt_f2b63772d8f83b67,1,0,-0.1266217978917688
2121503,methodkg_v3_01849,projtxt_bd3f28e8b2018c36,1,1,1.6106461167708235
2122212,methodkg_v3_01850,projtxt_f8eb65432ad22af1,1,1,0.2707474489705544
2122213,methodkg_v3_01851,projtxt_f8eb65432ad22af1,1,1,0.6241693750245898
2122367,methodkg_v3_01852,projtxt_d91ba96bf3be8dad,1,0,-0.28014517109623766
2122665,methodkg_v3_01853,projtxt_c4dc8e729fcbc512,1,1,0.278264571105496
2122828,methodkg_v3_01854,projtxt_7ba11606919f2bbc,1,1,0.5420204937406357
2122874,methodkg_v3_01855,projtxt_8cd0116365c9c243,1,1,1.4083259339948613
2122875,methodkg_v3_01856,projtxt_393e192b80fe79e8,1,1,0.3107225082518645
2122924,methodkg_v3_01857,projtxt_076cf314259d5520,1,1,0.0784572261002568
2122934,methodkg_v3_01858,projtxt_960837423d999e65,1,1,0.29972142209953584
2122985,methodkg_v3_01859,projtxt_37ffffa453bdff20,1,0,-0.9581783921421034
2124215,methodkg_v3_01860,projtxt_b156643bcfceb157,1,0,-0.9886459371329563
2125362,methodkg_v3_01861,projtxt_a6c8a502f32182e2,1,0,-0.7122214685975878
2126021,methodkg_v3_01862,projtxt_6b8158a3dd06913e,1,1,0.6406027774569649
2126023,methodkg_v3_01863,projtxt_3c8703fae94f81f4,1,1,0.5183107199767352
2126031,methodkg_v3_01864,projtxt_1a9abc3d81e180f4,1,1,0.008990418414179191
2126056,methodkg_v3_01865,projtxt_7c7a1bdd61db30bd,1,1,0.977824480211201
2126082,methodkg_v3_01866,projtxt_ee752425eda11ee3,1,1,0.3340304057474763
2126613,methodkg_v3_01867,projtxt_07dab8f0f0dbb436,1,1,1.2886518373537357
2128203,methodkg_v3_01868,projtxt_6ff4baf5c6f79d00,1,1,0.2855829012190428
2128544,methodkg_v3_01869,projtxt_336f620aff41515b,1,1,1.3433060592825117
2128559,methodkg_v3_01870,projtxt_336f620aff41515b,1,1,0.8871189985630017
2128897,methodkg_v3_01871,projtxt_955719bccc529669,1,0,-0.484387960449951
2129282,methodkg_v3_01872,projtxt_06e5e39682f324de,1,1,0.5832087875162824
2129308,methodkg_v3_01873,projtxt_06e5e39682f324de,1,1,0.7471963393531544
2129896,methodkg_v3_01874,projtxt_9e90a87deb59d7b8,1,0,-0.1316453668440794
2130006,methodkg_v3_01875,projtxt_39e07fdac32f948c,1,0,-0.11183249193535877
2130022,methodkg_v3_01876,projtxt_de71e5fe2026e4cb,1,1,0.16097781113863147
2130073,methodkg_v3_01877,projtxt_280e5108ddad2562,1,1,0.01084093918073925
2130169,methodkg_v3_01878,projtxt_41729695ca7eafdf,1,1,0.16031779039582855
2130222,methodkg_v3_01879,projtxt_c0e74ffd4821cce5,1,0,-1.1083498134116867
2130239,methodkg_v3_01880,projtxt_1988d3ee1b85435c,1,0,-0.18217191591369425
2130255,methodkg_v3_01881,projtxt_c0e74ffd4821cce5,1,1,0.128004704377444
2130256,methodkg_v3_01882,projtxt_43223a9f6288015f,1,1,0.7593004588084982
2130286,methodkg_v3_01883,projtxt_c0e74ffd4821cce5,1,0,-0.1663180583429021
2130290,methodkg_v3_01884,projtxt_471552f65ce03187,1,0,-0.4857865938128803
2130298,methodkg_v3_01885,projtxt_471552f65ce03187,1,1,0.11648733128459571
2130323,methodkg_v3_01886,projtxt_c0e74ffd4821cce5,1,1,0.128004704377444
2130397,methodkg_v3_01887,projtxt_f82ee086f4412803,1,1,0.13244044889258338
2130398,methodkg_v3_01888,projtxt_471552f65ce03187,1,1,0.2514905955602968
2130448,methodkg_v3_01889,projtxt_e60a72b57bf3d9ce,1,0,-0.30652923707670754
2130461,methodkg_v3_01890,projtxt_5b14c7ec253be70a,1,0,-0.9242837214819486
2130479,methodkg_v3_01891,projtxt_7d25dee515174d75,1,0,-0.04332165175281916
2131097,methodkg_v3_01892,projtxt_4cbc11a4f15f35b2,1,1,0.4587893422131765
2133190,methodkg_v3_01893,projtxt_a0b1764ed538601c,1,1,1.3642774099345019
2133982,methodkg_v3_01894,projtxt_2880e457027f1848,1,1,1.3893407188262739
2134583,methodkg_v3_01895,projtxt_4582f6cc1b98ecc0,1,1,1.9334171632144137
2135431,methodkg_v3_01896,projtxt_53b19a8058734f2f,1,1,0.7457659569796409
2135438,methodkg_v3_01897,projtxt_53b19a8058734f2f,1,1,0.6336793839546442
2136382,methodkg_v3_01898,projtxt_be5a0d8a4d7c1e4b,1,1,2.248482745073936
2138463,methodkg_v3_01899,projtxt_af0f50a6a6e5f9b2,1,0,-0.302874071606625
2139106,methodkg_v3_01900,projtxt_6999f007aa5a724b,1,1,0.38050737383287087
2140246,methodkg_v3_01901,projtxt_d123840904cfc69c,1,1,0.13794704337086777
2140262,methodkg_v3_01902,projtxt_1f7f4df7e0003f37,1,1,0.18074256106178538
2140867,methodkg_v3_01903,projtxt_d123840904cfc69c,1,0,-0.40460207959252653
2140901,methodkg_v3_01904,projtxt_f418bbf041a4242b,1,1,1.9161805345689185
2140902,methodkg_v3_01905,projtxt_f418bbf041a4242b,1,1,1.2395429812060674
2140903,methodkg_v3_01906,projtxt_f418bbf041a4242b,1,1,1.27555207289117
2140904,methodkg_v3_01907,projtxt_f418bbf041a4242b,1,1,0.6912869327378206
2140905,methodkg_v3_01908,projtxt_f418bbf041a4242b,1,1,0.15227386303324858
2141682,methodkg_v3_01909,projtxt_de709f4ca1737eae,1,1,2.29851091295583
2141716,methodkg_v3_01910,projtxt_d5e7333f244f531c,1,1,1.3816725679483484
2141724,methodkg_v3_01911,projtxt_d5e7333f244f531c,1,1,1.0902100015806324
2141727,methodkg_v3_01912,projtxt_d5e7333f244f531c,1,1,1.5481997286004967
2141952,methodkg_v3_01913,projtxt_1f298c43c0165eef,1,1,1.3193078114595767
2141975,methodkg_v3_01914,projtxt_9ff7049ab6a05198,1,1,1.4699646130182304
2142108,methodkg_v3_01915,projtxt_be97e82f9b8f895b,1,1,1.1520677849605696
2142214,methodkg_v3_01916,projtxt_c648beebfa74f678,1,1,0.8877790193058042
2142262,methodkg_v3_01917,projtxt_be97e82f9b8f895b,1,1,2.179597663006313
2142276,methodkg_v3_01918,projtxt_9ff7049ab6a05198,1,1,1.6449598133108239
2142277,methodkg_v3_01919,projtxt_be97e82f9b8f895b,1,1,1.782899423016686
2142311,methodkg_v3_01920,projtxt_f1f8b6c8448ac158,1,1,1.3391666903730175
2142324,methodkg_v3_01921,projtxt_f1f8b6c8448ac158,1,1,0.9358306518705399
2142344,methodkg_v3_01922,projtxt_c648beebfa74f678,1,1,1.1374706145546414
2142416,methodkg_v3_01923,projtxt_9ff7049ab6a05198,1,1,2.521549689568578
2142436,methodkg_v3_01924,projtxt_9ff7049ab6a05198,1,1,0.9657123675143451
2142439,methodkg_v3_01925,projtxt_2cfcd75540e543fa,1,1,1.3776355731877985
2142490,methodkg_v3_01926,projtxt_2cfcd75540e543fa,1,1,0.053112669310492244
2142503,methodkg_v3_01927,projtxt_2cfcd75540e543fa,1,1,0.3474354320308383
2142594,methodkg_v3_01928,projtxt_2cfcd75540e543fa,1,1,1.0400935570593197
2142628,methodkg_v3_01929,projtxt_fe73a744083b8f37,1,1,1.4317981641213569
2142641,methodkg_v3_01930,projtxt_5938e26505138f2b,1,1,1.8060040417532661
2142659,methodkg_v3_01931,projtxt_eb3a2bbf1dbf5bb1,1,1,2.027360531967276
2142697,methodkg_v3_01932,projtxt_8c2e4c9a05f1ae7c,1,1,1.44769692654635
2142780,methodkg_v3_01933,projtxt_2029f139e7b3d305,0,1,1.022970914059271
2142783,methodkg_v3_01934,projtxt_2cfcd75540e543fa,1,1,1.077590434381328
2143173,methodkg_v3_01935,projtxt_196bc9f4fba87290,1,1,1.1250925354504946
2143671,methodkg_v3_01936,projtxt_2e22a767ba55d21b,1,0,-0.13175489710335803
2144618,methodkg_v3_01937,projtxt_53252dea6039c382,1,1,0.4578313049420068
2144698,methodkg_v3_01938,projtxt_1c4ad824abd37597,1,1,0.3613259529406046
2145105,methodkg_v3_01939,projtxt_a31ae40c6a4f376a,1,1,0.8990375490526545
2146269,methodkg_v3_01940,projtxt_3a733e772c3d11ef,1,1,0.187196104726507
2146359,methodkg_v3_01941,projtxt_3802f8a6df083c7d,0,0,-0.34983054492706445
2147625,methodkg_v3_01942,projtxt_19909884a8ed056f,1,1,1.6371649950325968
2147810,methodkg_v3_01943,projtxt_db817d794945bb64,1,1,1.6371649950325968
2147811,methodkg_v3_01944,projtxt_db817d794945bb64,1,1,0.31049631509907644
2148014,methodkg_v3_01945,projtxt_a09c1ae4960793b4,1,1,0.900738665549355
2148023,methodkg_v3_01946,projtxt_5adae2fadc334014,1,0,-0.05984751628252977
2148451,methodkg_v3_01947,projtxt_36ab7101f2ed0911,1,1,1.1311127988225065
2148543,methodkg_v3_01948,projtxt_ebebf52da73bf870,1,1,0.4639429822586251
2148560,methodkg_v3_01949,projtxt_3838d54ebeeaa25d,1,1,1.5960586375376498
2148561,methodkg_v3_01950,projtxt_3838d54ebeeaa25d,1,1,1.9344484059542777
2148680,methodkg_v3_01951,projtxt_6afba1da78ad9bd2,1,1,1.123874172252159
2148777,methodkg_v3_01952,projtxt_132fd48ef54305c6,1,1,0.4219668925442192
2149356,methodkg_v3_01953,projtxt_8eb705654915c8db,1,1,0.5419444961002691
2149370,methodkg_v3_01954,projtxt_0c24ad49e42496c2,1,1,0.013131225345993258
2150045,methodkg_v3_01955,projtxt_0acd2557f2b8f9b9,1,1,0.9722195328104972
2150088,methodkg_v3_01956,projtxt_5339dd83bf4d38b5,1,0,-0.10080995362897577
2150297,methodkg_v3_01957,projtxt_a0b1764ed538601c,1,1,1.3748446110950039
2150323,methodkg_v3_01958,projtxt_477a46831b8c289c,1,1,0.6771970448298668
2150337,methodkg_v3_01959,projtxt_77e8248b1eada888,1,0,-0.12721939049728365
2150449,methodkg_v3_01960,projtxt_1171d7806154c2bd,1,0,-0.17151114349883023
2150961,methodkg_v3_01961,projtxt_55c5f2f94d21294b,1,0,-0.08724459938166945
2151012,methodkg_v3_01962,projtxt_7f920699dc4bf5ac,1,0,-0.4875518765961936
2151045,methodkg_v3_01963,projtxt_7f920699dc4bf5ac,1,0,-0.25544367485219827
2151046,methodkg_v3_01964,projtxt_888d4c5875cabefe,1,0,-0.12492668447109051
2151056,methodkg_v3_01965,projtxt_7f920699dc4bf5ac,1,1,0.085584872924022
2151057,methodkg_v3_01966,projtxt_7f920699dc4bf5ac,1,0,-0.3458196505820887
2151061,methodkg_v3_01967,projtxt_4cfd4b6d505f55b3,1,1,0.01057050339972715
2151141,methodkg_v3_01968,projtxt_fc68a9c0751b8fe4,1,0,-0.06578774838762969
2151404,methodkg_v3_01969,projtxt_538a1cff5f8ead0a,1,1,1.0895892471405653
2152260,methodkg_v3_01970,projtxt_df84d276cc743060,1,0,-0.12549713253440636
2152282,methodkg_v3_01971,projtxt_431f920df327edc2,1,1,1.1775425515013476
2152441,methodkg_v3_01972,projtxt_ad0f5b40bac18736,1,1,1.2142710964941803
2154606,methodkg_v3_01973,projtxt_d0266d2f9815405a,1,1,2.643452681879227
2200365,methodkg_v3_01974,projtxt_8f8962d649aef2dd,0,1,0.03532414254779187
2200748,methodkg_v3_01975,projtxt_42fcab296c9dc2ab,1,1,1.5040192544337654
2200781,methodkg_v3_01976,projtxt_3bb0c94e44ae048e,1,1,1.8856990663745818
2200815,methodkg_v3_01977,projtxt_8698a8eba9997145,1,1,0.6483919925434147
2200830,methodkg_v3_01978,projtxt_c582ced844faf43d,1,1,0.3723732146239787
2200887,methodkg_v3_01979,projtxt_eda576af515214e1,1,1,1.550933029986581
2200928,methodkg_v3_01980,projtxt_bb8108245d917e2c,1,1,1.8216140053173866
2201051,methodkg_v3_01981,projtxt_a113c712299ea479,1,0,-0.1873602003188865
2201545,methodkg_v3_01982,projtxt_d2b2b3789aa747bf,1,1,0.19716378876668667
2201576,methodkg_v3_01983,projtxt_d2b2b3789aa747bf,1,1,0.5742783640203308
2201641,methodkg_v3_01984,projtxt_0d48f899e9cb1bd3,1,1,1.6662037595288448
2201642,methodkg_v3_01985,projtxt_0d48f899e9cb1bd3,1,1,1.5585470690678296
2201700,methodkg_v3_01986,projtxt_20cf65e1e62e2dcc,1,1,1.6918241450728584
2201701,methodkg_v3_01987,projtxt_20cf65e1e62e2dcc,1,1,3.07035064781642
2201764,methodkg_v3_01988,projtxt_1219af38023ab874,1,1,1.4260187374730353
2201765,methodkg_v3_01989,projtxt_1219af38023ab874,1,1,2.692050751317055
2201792,methodkg_v3_01990,projtxt_42f70d25d7c21cd4,1,1,1.9462327569611204
2201793,methodkg_v3_01991,projtxt_42f70d25d7c21cd4,1,1,1.6803724292376845
2201794,methodkg_v3_01992,projtxt_42f70d25d7c21cd4,1,1,2.869683790917985
2201795,methodkg_v3_01993,projtxt_42f70d25d7c21cd4,1,1,1.97822707348595
2201858,methodkg_v3_01994,projtxt_b670210f3bbfd279,1,1,2.5524258999286538
2201859,methodkg_v3_01995,projtxt_b670210f3bbfd279,1,1,1.9152022962543753
2201929,methodkg_v3_01996,projtxt_75a2825143ef99e4,1,1,1.408750750584256
2201930,methodkg_v3_01997,projtxt_75a2825143ef99e4,1,1,1.1144279878639098
2201943,methodkg_v3_01998,projtxt_81f833f7dde7cbe3,1,1,1.0933353443225178
2201993,methodkg_v3_01999,projtxt_2f4fd8add58db18a,1,0,-0.5079625529179195
2202156,methodkg_v3_02000,projtxt_c6c6e70bff78d798,1,0,-0.3476070367124004
2202169,methodkg_v3_02001,projtxt_f50ac8fcdd6771fb,1,0,-0.3724653650471018
2203386,methodkg_v3_02002,projtxt_8088c7349e2bdc74,1,1,1.5696954537700314
2204462,methodkg_v3_02003,projtxt_3a47dd4717585fe3,1,0,-0.015765098877164097
2204537,methodkg_v3_02004,projtxt_f4bd10bd6dd6600d,1,1,1.3751401151539098
2205001,methodkg_v3_02005,projtxt_169a618bbc290508,1,1,0.4387046001953691
2205612,methodkg_v3_02006,projtxt_daf1a5e1ef2f85ac,1,1,0.10480885150763292
2207219,methodkg_v3_02007,projtxt_514fa3d69828b903,1,1,0.4442291515865113
2207408,methodkg_v3_02008,projtxt_d8d21047274dc792,1,1,1.3845653754852136
2207795,methodkg_v3_02009,projtxt_0240ff43f165b15f,1,1,2.769266114434786
2211032,methodkg_v3_02010,projtxt_b3668904556b5a44,1,1,0.6889095348031333
2214418,methodkg_v3_02011,projtxt_66407568b973edf3,1,1,0.654835681878384
2214516,methodkg_v3_02012,projtxt_0f18cb466b6dc8db,1,1,1.4504050286049819
2214740,methodkg_v3_02013,projtxt_9481330a90d987fd,1,0,-0.0480075666665612
2215050,methodkg_v3_02014,projtxt_52611599e9fa7975,1,1,1.9497089468999864
2215084,methodkg_v3_02015,projtxt_e8f321543b811489,1,1,1.0567445272988385
2215166,methodkg_v3_02016,projtxt_8b002a1b0fb09175,1,1,1.4317981641213569
2215167,methodkg_v3_02017,projtxt_9a964ab1920e4e4d,1,1,0.8550332758441175
2215592,methodkg_v3_02018,projtxt_1ae2b088bd46eaee,1,1,0.5642265264987945
2215653,methodkg_v3_02019,projtxt_57dc63f6fd596822,1,1,0.2698803305172855
2215654,methodkg_v3_02020,projtxt_57dc63f6fd596822,1,0,-0.06766168561119335
2215655,methodkg_v3_02021,projtxt_57dc63f6fd596822,1,1,0.672502721271014
2215656,methodkg_v3_02022,projtxt_57dc63f6fd596822,1,1,1.314206951430928
2215970,methodkg_v3_02023,projtxt_8b002a1b0fb09175,1,1,0.9772623236461513
2216031,methodkg_v3_02024,projtxt_8b002a1b0fb09175,1,1,2.5042574396057193
2216121,methodkg_v3_02025,projtxt_8b002a1b0fb09175,1,1,1.022049254143971
2216351,methodkg_v3_02026,projtxt_4951c359f723d6d9,1,1,0.5426146275672301
2217640,methodkg_v3_02027,projtxt_b9b032e6c70cb3f8,1,1,1.1185482512208906
2217718,methodkg_v3_02028,projtxt_df294f347f1cb815,1,1,0.5938338675116448
2217745,methodkg_v3_02029,projtxt_502b37e67d421531,1,1,0.3877566160856066
2219012,methodkg_v3_02030,projtxt_1f9ce2cc33a9eaf7,1,1,2.299170933698633
2219271,methodkg_v3_02031,projtxt_fd976807f2912bb6,1,1,0.5695683463975278
2219389,methodkg_v3_02032,projtxt_e9834022dd097e3e,1,1,0.05041736303891653
2219522,methodkg_v3_02033,projtxt_35ec6a8146a5442e,1,0,-2.074742667334336
2221149,methodkg_v3_02034,projtxt_f1135e05c3bdf345,1,0,-0.09306684104228663
2221153,methodkg_v3_02035,projtxt_06904ed0cd8c86ff,1,0,-0.0690314832016326
2221163,methodkg_v3_02036,projtxt_dff26592f6d5e1cd,1,0,-0.476366882911675
2221177,methodkg_v3_02037,projtxt_fb65cb9f8e5d92d7,1,1,0.11386682961474964
2221187,methodkg_v3_02038,projtxt_c69661694c8c0752,1,1,0.17558590250895095
2221242,methodkg_v3_02039,projtxt_29ea6b928720fe7d,1,0,-0.1309853461012765
2221262,methodkg_v3_02040,projtxt_e14211b9ae068720,1,1,0.7806550528805782
2221335,methodkg_v3_02041,projtxt_f7f380e59e5ba070,1,0,-0.1191471386821194
2221337,methodkg_v3_02042,projtxt_f7f380e59e5ba070,1,0,-0.2746196372415904
2221421,methodkg_v3_02043,projtxt_f7f380e59e5ba070,1,0,-0.29191043527570104
2221462,methodkg_v3_02044,projtxt_ea174932369e81bf,1,0,-0.37597674990939295
2221465,methodkg_v3_02045,projtxt_e493768a0f90ef40,1,0,-0.0063321310352986715
2221538,methodkg_v3_02046,projtxt_cae88c04a54078f6,1,0,-0.4837192737616422
2221574,methodkg_v3_02047,projtxt_b1fb4d254bf11c24,1,1,0.7593004588084982
2221627,methodkg_v3_02048,projtxt_490e3f52d7d838e3,1,0,-0.73044644251352
2221637,methodkg_v3_02049,projtxt_69de4b8d81f654ec,1,0,-0.5182696346578475
2221696,methodkg_v3_02050,projtxt_22aa3eb7ed19be97,1,0,-0.04266163101001624
2221912,methodkg_v3_02051,projtxt_308ae7c52da37cd4,1,0,-0.8661439365192063
2222278,methodkg_v3_02052,projtxt_8203bf28ab8d4aa8,1,1,0.26820900755020477
2222293,methodkg_v3_02053,projtxt_0bb696be6dfca717,1,1,1.5474921710957774
2223907,methodkg_v3_02054,projtxt_9adb1cea1888c8bf,1,1,0.8063550327565459
2224674,methodkg_v3_02055,projtxt_80831090a6310dec,1,1,2.084477481653058
2224675,methodkg_v3_02056,projtxt_09b6ecb2255e3dd4,1,1,0.6919469534806235
2224857,methodkg_v3_02057,projtxt_08508850a6de03c2,1,1,0.09444809348917466
2225128,methodkg_v3_02058,projtxt_148554603f3059dc,1,1,0.05377269005329516
2225209,methodkg_v3_02059,projtxt_d23227e5962a0d98,1,1,1.9345244035946443
2225211,methodkg_v3_02060,projtxt_6268266e3401d245,1,1,0.36077933386110445
2225255,methodkg_v3_02061,projtxt_47a01c1393e8866d,1,1,0.05377269005329516
2225306,methodkg_v3_02062,projtxt_cc9587b53d8ad425,1,1,0.4244041383338117
2225381,methodkg_v3_02063,projtxt_f7eb77716c93e7ad,1,1,1.1714121366642356
2228202,methodkg_v3_02064,projtxt_4b0167847633f12f,1,1,0.783927692403785
2228211,methodkg_v3_02065,projtxt_8b71fb51c883a3e8,1,1,1.4028514883473955
2234071,methodkg_v3_02066,projtxt_42d21df784b43711,1,1,1.4413203711621765
2234073,methodkg_v3_02067,projtxt_42d21df784b43711,1,1,1.8439427619159046
2234074,methodkg_v3_02068,projtxt_42d21df784b43711,1,1,1.7710819839612049
2234348,methodkg_v3_02069,projtxt_391b75ddbd420d32,1,1,1.6287993678412838
2234633,methodkg_v3_02070,projtxt_8ae27e47ac8dcbf9,1,1,1.303192739225437
2235227,methodkg_v3_02071,projtxt_26a36b6eaabc322f,1,1,1.5456390032853282
2235241,methodkg_v3_02072,projtxt_bed745f502498e13,1,1,2.202272298563998
2235345,methodkg_v3_02073,projtxt_b586781051267fb9,1,1,1.6078910004944016
2235460,methodkg_v3_02074,projtxt_bed745f502498e13,1,1,1.3782955939306014
2235461,methodkg_v3_02075,projtxt_55b9993e75ec32f5,1,1,0.9802285218715987
2235543,methodkg_v3_02076,projtxt_bed745f502498e13,1,1,0.9498082787486233
2235568,methodkg_v3_02077,projtxt_a0d87966803befbc,1,1,0.6642149183354809
2235600,methodkg_v3_02078,projtxt_c574cc304207c493,0,1,1.7432645579397927
2235774,methodkg_v3_02079,projtxt_ca1100f3daced895,1,1,1.3782955939306014
2235833,methodkg_v3_02080,projtxt_8ae27e47ac8dcbf9,1,1,1.67376786198652
2235957,methodkg_v3_02081,projtxt_8ae27e47ac8dcbf9,1,1,1.7842194645022913
2236075,methodkg_v3_02082,projtxt_29df12bcde773879,1,1,1.2721026686586407
2236107,methodkg_v3_02083,projtxt_bf8710b32c4feade,1,1,2.333016308313571
2236402,methodkg_v3_02084,projtxt_ec3d2f59d280e68b,1,1,1.3782955939306014
2236739,methodkg_v3_02085,projtxt_626de20d0fd560df,1,1,1.409698034133129
2237053,methodkg_v3_02086,projtxt_57810f309484c98c,1,1,1.1643915853323887
2237151,methodkg_v3_02087,projtxt_26d4623967991373,1,1,1.5775801863459622
2237564,methodkg_v3_02088,projtxt_589ec4dfe8526824,1,1,0.2811907619080977
2237902,methodkg_v3_02089,projtxt_eafb4bbc4f09c5a3,1,1,0.6265781910043726
2240951,methodkg_v3_02090,projtxt_bed745f502498e13,1,1,1.0456404957740275
2241382,methodkg_v3_02091,projtxt_8d1aa629f37aedfa,1,0,-0.08658457863886654
2241766,methodkg_v3_02092,projtxt_5857929ea83a6699,1,1,0.5264675471787195
2243017,methodkg_v3_02093,projtxt_3fbe1ccc12046ed9,1,1,2.4694990145747036
2243018,methodkg_v3_02094,projtxt_3fbe1ccc12046ed9,1,1,1.6898034391911503
2243019,methodkg_v3_02095,projtxt_3fbe1ccc12046ed9,1,1,1.5631722899581566
2243020,methodkg_v3_02096,projtxt_3fbe1ccc12046ed9,1,1,1.9126195290250527
2243021,methodkg_v3_02097,projtxt_3fbe1ccc12046ed9,1,1,1.7437872306770654
2243106,methodkg_v3_02098,projtxt_482fdf554b9dcfc2,1,1,1.4900096924889725
2243107,methodkg_v3_02099,projtxt_482fdf554b9dcfc2,1,1,1.64853371328839
2243108,methodkg_v3_02100,projtxt_482fdf554b9dcfc2,1,1,2.6942841798080597
2243109,methodkg_v3_02101,projtxt_f418bbf041a4242b,1,1,2.0248332650677803
2243288,methodkg_v3_02102,projtxt_7fe8a40392f53130,1,0,-0.7825348667540952
2243403,methodkg_v3_02103,projtxt_34d9f36a1f77dc33,1,0,-0.46098109906367496
2243443,methodkg_v3_02104,projtxt_4d3343968ae5a44d,1,0,-0.19175887687782045
2243457,methodkg_v3_02105,projtxt_68f1b2c6cae4b73a,1,0,-0.018073738456326927
2243484,methodkg_v3_02106,projtxt_d23ea5c8071cb425,1,0,-0.19175887687782045
2243510,methodkg_v3_02107,projtxt_757ab50ed96694b5,1,0,-0.4860816395981665
2243553,methodkg_v3_02108,projtxt_6422bb9324018f27,1,0,-0.8990358081854564
2243558,methodkg_v3_02109,projtxt_3e579afe29e922bd,1,0,-1.2973940844869634
2244031,methodkg_v3_02110,projtxt_a05fdf0eb6d1a6a8,1,0,-0.7091758995875532
2244323,methodkg_v3_02111,projtxt_a883065e1c5e722c,1,1,0.5154388621283679
2244342,methodkg_v3_02112,projtxt_9bf4cdedc24e7b6d,1,0,-0.2848331350626747
2244546,methodkg_v3_02113,projtxt_bcbf862fb410faac,1,1,1.0926403344922777
2246200,methodkg_v3_02114,projtxt_6b8158a3dd06913e,1,0,-0.16459641682419762
2247026,methodkg_v3_02115,projtxt_0079014c8f062e74,0,0,-0.4900933427372191
2247282,methodkg_v3_02116,projtxt_fe58c8691ca87a2d,1,1,0.9481969865071882
2247283,methodkg_v3_02117,projtxt_fe58c8691ca87a2d,1,1,0.34809545277364123
2247790,methodkg_v3_02118,projtxt_6e23f17c00763794,1,0,-0.5405860073664526
2247809,methodkg_v3_02119,projtxt_d8e351755ce1a937,1,1,0.64356772082956
2247976,methodkg_v3_02120,projtxt_24dc7beb0e1aaaee,1,1,0.34809545277364123
2300233,methodkg_v3_02121,projtxt_16ed1d2933f4d9ea,1,1,0.35585498543248834
2300291,methodkg_v3_02122,projtxt_a1c656e3f9ab4dff,1,0,-0.16381402543425533
2300322,methodkg_v3_02123,projtxt_3799a0bf00bcfdc7,1,1,0.7953481994708569
2300323,methodkg_v3_02124,projtxt_3799a0bf00bcfdc7,1,1,1.6340402724872118
2300376,methodkg_v3_02125,projtxt_26fca7ce7c5c20b9,1,1,1.7665094243138
2300618,methodkg_v3_02126,projtxt_76a7f0ea3db0569a,1,1,0.4956053461266689
2300619,methodkg_v3_02127,projtxt_76a7f0ea3db0569a,1,1,0.5237631236546403
2300676,methodkg_v3_02128,projtxt_052a1a663de4dafb,1,1,1.0057173184153099
2300709,methodkg_v3_02129,projtxt_e94bbeb1a1125a69,1,1,3.1355506839898006
2300710,methodkg_v3_02130,projtxt_e94bbeb1a1125a69,1,1,2.0739203939248534
2300725,methodkg_v3_02131,projtxt_00719ff7732e0f70,1,1,1.625986597530458
2300744,methodkg_v3_02132,projtxt_85c7f05237212f83,1,0,-0.8421672496547818
2300747,methodkg_v3_02133,projtxt_e79fa56987a716f3,1,1,1.725375390925555
2300927,methodkg_v3_02134,projtxt_8d720f335bd9e24e,1,1,0.563553413772798
2300977,methodkg_v3_02135,projtxt_9896607b93c3c7c2,1,1,1.5147922192635102
2301049,methodkg_v3_02136,projtxt_8c10d16fcffd4a1e,1,1,1.5466435781470225
2302112,methodkg_v3_02137,projtxt_c206e19020e530a5,1,0,-0.5453141845212353
2306044,methodkg_v3_02138,projtxt_c69babb23a6aa8a4,1,1,0.2695601612383766
2306052,methodkg_v3_02139,projtxt_12bc47b380b0c29e,1,1,0.8539339333155542
2306053,methodkg_v3_02140,projtxt_12bc47b380b0c29e,1,1,1.7326262263330487
2306099,methodkg_v3_02141,projtxt_1fe3dd1376347e50,1,1,0.0715601150359883
2306262,methodkg_v3_02142,projtxt_48de6294dbf2ad2b,1,1,1.4353428154113679
2306263,methodkg_v3_02143,projtxt_48de6294dbf2ad2b,1,1,0.9742109524069307
2306270,methodkg_v3_02144,projtxt_c846fe1fbd12a4e8,1,1,1.8846441801021616
2306271,methodkg_v3_02145,projtxt_b1d93cbfb545bd53,1,1,0.19357642975437656
2306658,methodkg_v3_02146,projtxt_401c199913a2594c,1,1,0.48184956995202594
2308501,methodkg_v3_02147,projtxt_4a0795a07f73ec56,1,1,0.03962532250042711
2311493,methodkg_v3_02148,projtxt_7db920cec10fafc1,1,1,1.047142148007544
2313240,methodkg_v3_02149,projtxt_00e910c1eddb4f1f,1,1,1.8846441801021616
2313241,methodkg_v3_02150,projtxt_00e910c1eddb4f1f,1,1,1.7326262263330487
2313369,methodkg_v3_02151,projtxt_b4061fb215dc1e74,0,0,-1.7111870088095535
2313418,methodkg_v3_02152,projtxt_c13f9242640134ac,1,1,0.3151350620632413
2313440,methodkg_v3_02153,projtxt_7367c279896a105a,1,0,-0.5131489594813001
2313850,methodkg_v3_02154,projtxt_7f93303f4a562a63,1,1,0.32470294219364687
2313972,methodkg_v3_02155,projtxt_666093ae07390261,1,1,0.7893357833063603
2313979,methodkg_v3_02156,projtxt_a7be9f46b9ea552c,1,1,0.921539790087492
2314075,methodkg_v3_02157,projtxt_112132cba0978d04,1,1,0.6789240715128126
2314089,methodkg_v3_02158,projtxt_f00229fc4a78f15a,1,1,0.9457299633350142
2314107,methodkg_v3_02159,projtxt_ad7a80d6ea5693b4,1,0,-0.15640486805149068
2314109,methodkg_v3_02160,projtxt_acb45637fea0b0b5,1,0,-0.5569455542692547
2314112,methodkg_v3_02161,projtxt_7a6adb36ebe82ab4,1,1,0.1501416095817289
2314144,methodkg_v3_02162,projtxt_1b4a2cd60952a133,1,1,1.7468527058344574
2314238,methodkg_v3_02163,projtxt_c50f8e805323d71e,1,1,0.2893372757950598
2314844,methodkg_v3_02164,projtxt_d84773e4208b3960,1,1,1.2070810677406443
2315023,methodkg_v3_02165,projtxt_f27fc6f29a828c97,1,1,0.46649752061929467
2315024,methodkg_v3_02166,projtxt_f27fc6f29a828c97,1,1,0.2671036673165958
2315095,methodkg_v3_02167,projtxt_548d6f47abec1277,1,1,0.4700221680449534
2315124,methodkg_v3_02168,projtxt_8b91e9357845837c,1,1,1.5647861334562927
2315277,methodkg_v3_02169,projtxt_a194a843eb845cfb,1,1,0.6789240715128126
2315353,methodkg_v3_02170,projtxt_33b4c8902ecb622e,1,1,0.9364906726133428
2315532,methodkg_v3_02171,projtxt_881ba9b3d7de720d,1,1,0.7131023317362624
2315617,methodkg_v3_02172,projtxt_2f4a35df2d947123,1,1,1.8808725656854481
2315626,methodkg_v3_02173,projtxt_1e1d977d23fa4774,1,1,0.9364906726133428
2315647,methodkg_v3_02174,projtxt_1709b6e0111c0630,1,1,1.67376786198652
2315763,methodkg_v3_02175,projtxt_38e3bcea9b2533d3,1,1,1.6835858402387351
2315912,methodkg_v3_02176,projtxt_edfaa35f70bc9413,1,1,1.7949909828218213
2317283,methodkg_v3_02177,projtxt_960837423d999e65,1,0,-0.5335266376982911
2317318,methodkg_v3_02178,projtxt_f53dc67e5cd4b067,1,0,-0.5637082313693922
2317319,methodkg_v3_02179,projtxt_f53dc67e5cd4b067,1,1,0.37561721148246124
2317747,methodkg_v3_02180,projtxt_bf0cf1dd334fb31e,1,1,0.3592686290846822
2317780,methodkg_v3_02181,projtxt_97888ce76f1fdec2,1,1,1.976854469759575
2317969,methodkg_v3_02182,projtxt_40cb08fa8174c66a,1,1,1.4464260790381835
2318158,methodkg_v3_02183,projtxt_c7a9a042d0f2db8f,1,1,0.05377269005329516
2318178,methodkg_v3_02184,projtxt_9dd50727bf39b021,1,1,1.2908892122783004
2318264,methodkg_v3_02185,projtxt_5d655b13865d8e13,1,0,-0.9318849139997978
2318415,methodkg_v3_02186,projtxt_633fd7ad4c395fb1,1,1,0.34809545277364123
2318849,methodkg_v3_02187,projtxt_a69c6225838e44f4,1,1,1.7319662055902458
2320947,methodkg_v3_02188,projtxt_678d48a9268d2b6a,1,0,-1.0155588075385835
2321179,methodkg_v3_02189,projtxt_38ee167b3a5815d6,1,1,0.10190773762576638
2321205,methodkg_v3_02190,projtxt_bff773629ee9be73,1,1,0.2606620758914245
2321218,methodkg_v3_02191,projtxt_ce41fb04d8f8a08a,1,1,0.5154388621283679
2321219,methodkg_v3_02192,projtxt_ec4807b9c54ff4df,1,1,0.4685958336112363
2321243,methodkg_v3_02193,projtxt_1743888c52463398,1,1,0.3541920707448491
2321390,methodkg_v3_02194,projtxt_4273ad208d03a706,1,1,1.4483500331820964
2321391,methodkg_v3_02195,projtxt_4273ad208d03a706,1,1,2.1136989435129636
2322250,methodkg_v3_02196,projtxt_98bbc7d52ee517c1,1,1,1.0610677174895575
2323131,methodkg_v3_02197,projtxt_41ca7e3bca25e83a,1,0,-0.07862682329636422
2324575,methodkg_v3_02198,projtxt_92cbb65876865905,1,0,-0.8283410449288304
2325989,methodkg_v3_02199,projtxt_3cc80c8b62262dee,1,0,-0.11051245044975316
2326588,methodkg_v3_02200,projtxt_d637720f93037f89,1,1,0.10640621009086165
2327314,methodkg_v3_02201,projtxt_5181ca2d58d6dedc,1,1,1.6274489009425028
2327420,methodkg_v3_02202,projtxt_1e73816cc89674b0,1,1,0.5702283671403308
2327488,methodkg_v3_02203,projtxt_31973f3601999cc8,1,1,0.07661360900992337
2329579,methodkg_v3_02204,projtxt_52a27bd00215b5b9,1,1,0.5161378018248539
2330963,methodkg_v3_02205,projtxt_02dd6aff64e675ab,1,1,0.10546887225043583
2332167,methodkg_v3_02206,projtxt_df4753fb1483de50,1,1,0.035984163290594784
2333764,methodkg_v3_02207,projtxt_6df30b98cb3548e1,1,1,0.08508005979921068
2333959,methodkg_v3_02208,projtxt_626de20d0fd560df,1,1,0.235545403355016
2334693,methodkg_v3_02209,projtxt_e2802a44889ea669,1,0,-0.38713734343346323
2335625,methodkg_v3_02210,projtxt_64d96a38dfeb8a6e,1,1,2.5658042191708397
2335725,methodkg_v3_02211,projtxt_a0e2d0fe05c746ef,1,1,1.1164978364981812
2336135,methodkg_v3_02212,projtxt_8b9990fc9f39f9dc,1,1,1.641270582090011
2336136,methodkg_v3_02213,projtxt_8b9990fc9f39f9dc,1,1,0.09897524789996509
2336456,methodkg_v3_02214,projtxt_0f2cca9707c8a7a6,0,1,0.6699265585557899
2336683,methodkg_v3_02215,projtxt_6e52606ba64403ab,0,1,2.488762354725665
2336910,methodkg_v3_02216,projtxt_5e01f1480cb71175,1,0,-0.9312248932569951
2336911,methodkg_v3_02217,projtxt_5e01f1480cb71175,1,1,0.9040076317683758
2336912,methodkg_v3_02218,projtxt_5e01f1480cb71175,1,1,2.459844953822609
2337003,methodkg_v3_02219,projtxt_cd0656ba66a64b70,1,1,1.4410089667842096
2337016,methodkg_v3_02220,projtxt_9227a598df989be1,1,1,1.408672088665962
2337017,methodkg_v3_02221,projtxt_9227a598df989be1,1,1,2.202932319306801
2337018,methodkg_v3_02222,projtxt_9227a598df989be1,1,1,0.6109025747250938
2337019,methodkg_v3_02223,projtxt_9227a598df989be1,1,1,1.4505561054060265
2337020,methodkg_v3_02224,projtxt_9227a598df989be1,1,1,2.459844953822609
2337021,methodkg_v3_02225,projtxt_9227a598df989be1,1,0,-0.514110267946305
2337142,methodkg_v3_02226,projtxt_e5970f7e308f7377,1,1,0.6144944863756361
2337143,methodkg_v3_02227,projtxt_e5970f7e308f7377,1,1,2.2540595851869236
2337144,methodkg_v3_02228,projtxt_e5970f7e308f7377,1,1,1.30385275996824
2337145,methodkg_v3_02229,projtxt_e5970f7e308f7377,1,1,2.1815777252347215
2337146,methodkg_v3_02230,projtxt_e5970f7e308f7377,1,1,1.4490169680319558
2337247,methodkg_v3_02231,projtxt_079343300d9ce3f3,1,1,1.0038076211617692
2337612,methodkg_v3_02232,projtxt_3b0647263af0a88f,1,1,1.9643823839088703
2337709,methodkg_v3_02233,projtxt_20d7d766e07e52aa,1,1,0.9230018038394396
2339289,methodkg_v3_02234,projtxt_10454af1f47df893,1,1,0.38261848245606583
2339702,methodkg_v3_02235,projtxt_a9e05f3b8894b8c8,1,1,0.5444827804552297
2340576,methodkg_v3_02236,projtxt_ecff468402eec095,1,1,0.5529924193921434
2342574,methodkg_v3_02237,projtxt_a92fce89368af486,1,1,0.5657163119661697
2342624,methodkg_v3_02238,projtxt_7e6b76905a25f672,1,1,0.9797285447992428
2342625,methodkg_v3_02239,projtxt_7e6b76905a25f672,1,1,0.7545992174676914
2342626,methodkg_v3_02240,projtxt_7e6b76905a25f672,1,1,1.0454656366255652
2342627,methodkg_v3_02241,projtxt_7e6b76905a25f672,1,1,0.3967186508612111
2342766,methodkg_v3_02242,projtxt_0d3ed072da0a67b4,1,1,0.35792362836600317
2344789,methodkg_v3_02243,projtxt_f222622f4b442e93,1,1,0.01871153861614483
2344790,methodkg_v3_02244,projtxt_f222622f4b442e93,1,1,0.25902796272711864
2344791,methodkg_v3_02245,projtxt_f222622f4b442e93,1,1,0.12744556071093077
2344792,methodkg_v3_02246,projtxt_f222622f4b442e93,1,0,-0.5141437468467579
2344793,methodkg_v3_02247,projtxt_f222622f4b442e93,1,1,0.7221836156162182
2344794,methodkg_v3_02248,projtxt_f222622f4b442e93,1,0,-1.038911809037974
2344795,methodkg_v3_02249,projtxt_f222622f4b442e93,1,0,-0.9433042364078481
2344854,methodkg_v3_02250,projtxt_e01545e8f8014592,1,1,0.014361480425736095
2344942,methodkg_v3_02251,projtxt_d07ce323e97ed540,1,0,-0.08592455789606385
2344947,methodkg_v3_02252,projtxt_95accd599f78aec6,1,0,-0.3485671636365814
2344960,methodkg_v3_02253,projtxt_deef93ab6a8884a9,1,0,-0.4459010328955023
2345042,methodkg_v3_02254,projtxt_2faf8253c48ff642,1,0,-0.5214961376967251
2345094,methodkg_v3_02255,projtxt_9b207d5dca59e7ca,1,1,0.8253580158041138
2345114,methodkg_v3_02256,projtxt_e1a327b3e18b3dc5,1,0,-0.8524346633340925
2345129,methodkg_v3_02257,projtxt_f5913d765ad380e2,1,1,0.7763383465855205
2345187,methodkg_v3_02258,projtxt_ce5841da152b849c,1,0,-0.017413717713524235
2345204,methodkg_v3_02259,projtxt_93423a977b78552f,1,1,0.7912147719926161
2345377,methodkg_v3_02260,projtxt_a98a45b79c6d9bbf,1,1,0.03714191276198725
2345378,methodkg_v3_02261,projtxt_ef13c4c256f33a95,1,1,0.05443271079609785
2345607,methodkg_v3_02262,projtxt_ee298a79b00d23b2,0,1,1.0414135985449255
2346653,methodkg_v3_02263,projtxt_8ae27e47ac8dcbf9,1,1,1.9022392271953292
2346868,methodkg_v3_02264,projtxt_1c4ad824abd37597,1,1,1.9476689573337367
2347820,methodkg_v3_02265,projtxt_2375564155052520,1,1,1.1571653714096477
2347821,methodkg_v3_02266,projtxt_2375564155052520,1,1,2.3760837266068466
2348080,methodkg_v3_02267,projtxt_17af9033f84573f6,1,1,0.174506101608832
2348081,methodkg_v3_02268,projtxt_17af9033f84573f6,1,1,0.670462421863163
2348082,methodkg_v3_02269,projtxt_17af9033f84573f6,1,0,-0.4407472947657368
2348835,methodkg_v3_02270,projtxt_4d12bed9e01e1cfb,1,0,-0.4689604263428928
2349657,methodkg_v3_02271,projtxt_a30d3abb93c733c4,1,1,0.9250841594513635
2349722,methodkg_v3_02272,projtxt_61d137aa84c06224,1,0,-1.1437988056588217
2350382,methodkg_v3_02273,projtxt_3c9ef492a166a15a,1,1,1.9955768391473543
2350410,methodkg_v3_02274,projtxt_389dec86168b8914,1,1,2.3206743447966187
2400347,methodkg_v3_02275,projtxt_7146eafa2fbf9322,1,0,-0.4689604263428928
2400411,methodkg_v3_02276,projtxt_94728f3bc6ecc4ed,1,1,2.2296707626073635
2400428,methodkg_v3_02277,projtxt_a75a44f4828acee3,1,1,0.18073635114698622
2400478,methodkg_v3_02278,projtxt_ba04ce010067dfbe,1,0,-0.4004495861603532
2400767,methodkg_v3_02279,projtxt_527fd40c80a40123,1,1,1.2316284261898385
2400781,methodkg_v3_02280,projtxt_d4b520e2168243d4,1,1,1.445383091709272
2400782,methodkg_v3_02281,projtxt_d4b520e2168243d4,1,1,2.0273181172382397
2400783,methodkg_v3_02282,projtxt_d4b520e2168243d4,1,1,2.379460265116207
2400784,methodkg_v3_02283,projtxt_d4b520e2168243d4,1,1,1.8230186543467897
2400805,methodkg_v3_02284,projtxt_d02f518f23aad4a1,1,1,1.1485549398087436
2403932,methodkg_v3_02285,projtxt_af481fd83ea38e0f,1,1,0.25266971821091605
2403963,methodkg_v3_02286,projtxt_28187647d8a3d2e2,1,1,1.4536855375434543
2404263,methodkg_v3_02287,projtxt_80f7503b914db769,1,1,0.21210455991514982
2404264,methodkg_v3_02288,projtxt_80f7503b914db769,1,0,-0.421384882627933
2404553,methodkg_v3_02289,projtxt_ea8f1604b679699b,1,1,0.644725465032135
2404797,methodkg_v3_02290,projtxt_7d7d2a04c43006ad,1,1,0.5851888497446907
2404929,methodkg_v3_02291,projtxt_25ec796a4c83ade8,1,1,0.7572536177133116
2405120,methodkg_v3_02292,projtxt_92738bca65feca54,1,1,0.37369325610958454
2405224,methodkg_v3_02293,projtxt_b872535ed71ace0c,1,1,1.438586028547051
2405225,methodkg_v3_02294,projtxt_b872535ed71ace0c,1,1,1.744830440552599
2405230,methodkg_v3_02295,projtxt_096ba64abf58523a,1,1,1.3096432240225546
2405431,methodkg_v3_02296,projtxt_01f7f6515c9209ea,1,1,0.9721200603935123
2405487,methodkg_v3_02297,projtxt_d128560ab5242c44,1,1,0.2934902289437162
2405747,methodkg_v3_02298,projtxt_2e4749177f55bf96,1,1,0.8459637321008007
2405785,methodkg_v3_02299,projtxt_90d4875635a534ee,1,1,0.9721200603935123
2405786,methodkg_v3_02300,projtxt_90d4875635a534ee,1,1,0.3436748301632306
2406660,methodkg_v3_02301,projtxt_7fb68cdafc92f21e,1,1,0.3780597361153009
2406960,methodkg_v3_02302,projtxt_06e5e39682f324de,1,0,-0.1513858072938054
2407013,methodkg_v3_02303,projtxt_8404b763e41854fa,1,1,0.7194269592775895
2407014,methodkg_v3_02304,projtxt_8404b763e41854fa,1,1,0.19723959920229234
2407134,methodkg_v3_02305,projtxt_3a0d7b9c99e8b94c,1,1,0.3703224070644899
2407135,methodkg_v3_02306,projtxt_156b98787b7bef51,1,1,0.25106638223475514
2407294,methodkg_v3_02307,projtxt_031fc59b1d51b675,1,1,0.5771808484969445
2408969,methodkg_v3_02308,projtxt_20ca67bdf7062978,1,1,2.314071526739347
2409848,methodkg_v3_02309,projtxt_c85bb658c0286871,1,0,-0.5038093613036445
2409905,methodkg_v3_02310,projtxt_1e0eac3bf43c3824,1,1,0.35788528892488164
2411129,methodkg_v3_02311,projtxt_21932813926024f8,1,1,0.13222472009418834
2411326,methodkg_v3_02312,projtxt_c1be9e81bbdf00d7,1,1,0.4406846624237774
2411524,methodkg_v3_02313,projtxt_878dd6e83a126740,1,1,0.5604624029250858
2411535,methodkg_v3_02314,projtxt_c074c6bcab61a1fa,1,1,1.5032438333825409
2411594,methodkg_v3_02315,projtxt_6160d6f471490130,1,1,1.6316201064753308
2411595,methodkg_v3_02316,projtxt_6160d6f471490130,1,1,0.5875423513934213
2411711,methodkg_v3_02317,projtxt_05a0836dc6a7f157,1,1,1.2945790988236265
2411805,methodkg_v3_02318,projtxt_16ea68ea4c12d139,1,1,0.02587905161955323
2411987,methodkg_v3_02319,projtxt_fe92e25b242eb9e7,1,1,0.021636705390385258
2411988,methodkg_v3_02320,projtxt_fe92e25b242eb9e7,1,1,0.3588584081446214
2413063,methodkg_v3_02321,projtxt_ba6cb53797442993,1,1,0.6046093534220094
2413103,methodkg_v3_02322,projtxt_bceb1b4900c5ab68,1,1,1.309723019897887
2413231,methodkg_v3_02323,projtxt_7b0fe22cec4e4ec6,1,0,-0.5548314154397382
2413239,methodkg_v3_02324,projtxt_f381e418308fc145,1,1,0.10859530172965631
2413410,methodkg_v3_02325,projtxt_bde8fae600dec1b9,1,1,0.37987065091290156
2414169,methodkg_v3_02326,projtxt_4132a57549033080,1,1,0.6824709057408658
2414170,methodkg_v3_02327,projtxt_4132a57549033080,1,1,0.7194269592775895
2415028,methodkg_v3_02328,projtxt_bb631165989565e3,1,1,0.049565824990301044
2415197,methodkg_v3_02329,projtxt_2e1de3fcb7e9659c,1,1,1.0161220117705183
2415686,methodkg_v3_02330,projtxt_c93edd550d648953,1,1,0.7926685193553453
2415796,methodkg_v3_02331,projtxt_ad5569f06d914980,1,1,1.0879445770444007
2415797,methodkg_v3_02332,projtxt_ad5569f06d914980,1,1,0.056651049097214023
2415869,methodkg_v3_02333,projtxt_0100f8cf2e123044,1,1,1.2336091312078754
2415965,methodkg_v3_02334,projtxt_e93c683df8c8b252,1,1,0.13307274006615194
2415989,methodkg_v3_02335,projtxt_6e4daf1a03ebab84,1,1,0.20817559477131625
2416024,methodkg_v3_02336,projtxt_063350ccc477e7ec,1,1,0.5444813674774012
2416621,methodkg_v3_02337,projtxt_bc588346a4b30def,1,1,1.6173262682552754
2416804,methodkg_v3_02338,projtxt_ebd9b6c4c72610c0,1,1,0.9371506933561458
2417138,methodkg_v3_02339,projtxt_40c45863380b81b3,1,0,-0.05215449498031577
2417139,methodkg_v3_02340,projtxt_40c45863380b81b3,1,1,1.3104447744908645
2417140,methodkg_v3_02341,projtxt_40c45863380b81b3,1,1,0.5160898732106551
2417149,methodkg_v3_02342,projtxt_6b1930ed85c566e0,1,1,0.5160898732106551
2417150,methodkg_v3_02343,projtxt_6b1930ed85c566e0,1,1,1.7385017032762777
2417239,methodkg_v3_02344,projtxt_51aa980e3fe55399,1,1,1.3406232792371766
2417240,methodkg_v3_02345,projtxt_51aa980e3fe55399,1,1,2.3248985492227234
2417252,methodkg_v3_02346,projtxt_37e22f946c203ab9,1,1,0.5851888497446907
2417374,methodkg_v3_02347,projtxt_2e524a4a37bcb26e,0,1,1.023679672600422
2417423,methodkg_v3_02348,projtxt_00196a282850f514,1,1,1.701280164556611
2418374,methodkg_v3_02349,projtxt_84d785c8cc94924a,1,1,0.5631246600214233
2418638,methodkg_v3_02350,projtxt_4a091085d7436823,1,1,0.858839834673341
2418639,methodkg_v3_02351,projtxt_4a091085d7436823,1,1,0.8817710555605947
2418640,methodkg_v3_02352,projtxt_4a091085d7436823,1,1,0.003646758249828075
2418715,methodkg_v3_02353,projtxt_f69b685ce8f8c152,1,0,-0.13878261968651667
2419116,methodkg_v3_02354,projtxt_d70b97ecba326162,1,0,-1.317585453407384
2419117,methodkg_v3_02355,projtxt_d70b97ecba326162,1,0,-0.4346584673317677
2419118,methodkg_v3_02356,projtxt_d70b97ecba326162,1,0,-0.7289812300521137
2420944,methodkg_v3_02357,projtxt_c4dafa5f179ca40a,1,1,0.10859530172965631
2421240,methodkg_v3_02358,projtxt_0fd5f01fc9c521a3,1,1,0.10859530172965631
2421241,methodkg_v3_02359,projtxt_0fd5f01fc9c521a3,1,1,0.4029180644500024
2421279,methodkg_v3_02360,projtxt_d8fc3c74ed6e9b29,1,1,0.3487554735164439
2421280,methodkg_v3_02361,projtxt_d8fc3c74ed6e9b29,1,1,0.3487554735164439
2421846,methodkg_v3_02362,projtxt_341cbb6d07fed890,1,1,0.556639529172474
2422009,methodkg_v3_02363,projtxt_6d8d2c4efa8c0e45,1,1,0.4400246416809747
2422010,methodkg_v3_02364,projtxt_6d8d2c4efa8c0e45,1,0,-0.15072578655100272
2422287,methodkg_v3_02365,projtxt_31ed8ae7576fd7c8,1,1,0.09640880051050366
2422319,methodkg_v3_02366,projtxt_e3c6705e7938937a,1,1,0.16759978700939987
2422544,methodkg_v3_02367,projtxt_0990f6400c43079d,1,1,0.7176856943905376
2423026,methodkg_v3_02368,projtxt_d69d5b8cd0b9ae2f,1,1,0.2736526188112796
2424244,methodkg_v3_02369,projtxt_27c6887fe9ce6817,1,1,0.343347716847568
2424324,methodkg_v3_02370,projtxt_b349d7f8af18dad1,1,1,0.9196259568570322
2424492,methodkg_v3_02371,projtxt_ad57567e02b54624,1,1,0.7951425449499936
2424522,methodkg_v3_02372,projtxt_3cbd11edad6a47cb,1,0,-0.14739207634571178
2424692,methodkg_v3_02373,projtxt_39a5b2bcf149f311,1,0,-0.04200161026721355
2424742,methodkg_v3_02374,projtxt_74ed65fb6ddaa0b0,1,0,-0.3622326354133706
2424868,methodkg_v3_02375,projtxt_1a1e55b6dc062f99,1,1,0.46695775831656045
2424952,methodkg_v3_02376,projtxt_2b588a1154afb67d,1,0,-0.14753451479637153
2424953,methodkg_v3_02377,projtxt_90fa5075f0981e7d,1,0,-0.19404490061483398
2424988,methodkg_v3_02378,projtxt_454da90ad72ffbcf,1,1,0.26394865678372254
2425114,methodkg_v3_02379,projtxt_237dbfc7524278d1,1,0,-0.28150176131119853
2429274,methodkg_v3_02380,projtxt_c9d768bc9ced10ee,1,1,1.4360028361541706
2429533,methodkg_v3_02381,projtxt_c9d7540e7fbc373e,1,1,0.9085507340345031
2429605,methodkg_v3_02382,projtxt_97ad26f790ded639,1,1,0.99593023731067
2429624,methodkg_v3_02383,projtxt_41372a7ca942c8dc,1,0,-0.8121542485493416
2429832,methodkg_v3_02384,projtxt_c4e5cc1c25f1ddbf,1,1,0.3296125083346246
2430255,methodkg_v3_02385,projtxt_6a347d716da0a7d4,1,0,-0.18257034665606314
2430257,methodkg_v3_02386,projtxt_6a347d716da0a7d4,1,1,0.15322168235479589
2430258,methodkg_v3_02387,projtxt_6a347d716da0a7d4,1,0,-0.7805882348244704
2430463,methodkg_v3_02388,projtxt_4226cae76c289a57,1,1,1.3805960167976659
2430541,methodkg_v3_02389,projtxt_5938e26505138f2b,1,1,1.5130013205185253
2430739,methodkg_v3_02390,projtxt_107c6712e6da5742,1,1,0.37380131276263956
2434875,methodkg_v3_02391,projtxt_8a293c81bbded978,1,1,0.011213457387965031
2435473,methodkg_v3_02392,projtxt_111e193886d067d1,1,0,-0.9948894202366787
2439211,methodkg_v3_02393,projtxt_28a6821ed9491fe5,1,1,1.419036954281954
2441096,methodkg_v3_02394,projtxt_7bd2b8b75af07f14,1,1,0.6488736477190682
2447200,methodkg_v3_02395,projtxt_536bd87d51d7905f,1,1,0.2502746608125321
2448306,methodkg_v3_02396,projtxt_bb05d13d9c407e12,1,0,-0.40066952009125617
2448307,methodkg_v3_02397,projtxt_bb05d13d9c407e12,1,1,0.1760754057032689
2448308,methodkg_v3_02398,projtxt_bb05d13d9c407e12,1,1,0.7999905080707881
2448327,methodkg_v3_02399,projtxt_17af9033f84573f6,1,0,-0.1365523779813002
2448374,methodkg_v3_02400,projtxt_00b1508abf46cbc8,1,1,0.8535984414851494
2449885,methodkg_v3_02401,projtxt_e16394a53a8cda3f,1,1,0.6766344669176088
2450045,methodkg_v3_02402,projtxt_f42ce856f6e46171,1,1,0.4035780851928051
2450400,methodkg_v3_02403,projtxt_9c704bdc46c96bd7,1,1,1.3882467118072068
2452030,methodkg_v3_02404,projtxt_bb8108245d917e2c,1,1,0.8462094977447738
2500229,methodkg_v3_02405,projtxt_717c2e3061d30d7f,1,0,-0.22172687643976208
2500289,methodkg_v3_02406,projtxt_4abfde9f63924f17,1,1,1.615848808536368
2500508,methodkg_v3_02407,projtxt_cbd9baf56c812cbf,1,1,0.9745457789223995
2500509,methodkg_v3_02408,projtxt_cbd9baf56c812cbf,1,1,0.5040440546572797
2500654,methodkg_v3_02409,projtxt_c82ca4d99a11ab0d,1,0,-0.3704853028186935
2500655,methodkg_v3_02410,projtxt_c82ca4d99a11ab0d,1,0,-0.6648080655390396
2500848,methodkg_v3_02411,projtxt_3bf1ccbf90403c32,1,1,1.115501561113622
2500849,methodkg_v3_02412,projtxt_3bf1ccbf90403c32,1,1,1.6070451284010059
2506427,methodkg_v3_02413,projtxt_67f7ea03020c9600,1,1,0.6421074439800765
2506911,methodkg_v3_02414,projtxt_eb15ecfd88800dfe,1,1,0.3319622644220345
2506912,methodkg_v3_02415,projtxt_eb15ecfd88800dfe,1,0,-0.01748497464486143
2507129,methodkg_v3_02416,projtxt_cb033ab4a0e715a2,1,0,-0.005973933965233047
2508523,methodkg_v3_02417,projtxt_bd75c3d9dcb488e6,1,1,0.6948888612245394
2508612,methodkg_v3_02418,projtxt_e1360f7d52b3ac57,1,1,1.7339462678186546
2508771,methodkg_v3_02419,projtxt_5c402111dd884a81,1,1,0.17545035102972212
2508834,methodkg_v3_02420,projtxt_4c166562013988b1,1,1,0.4821180239664575
2508835,methodkg_v3_02421,projtxt_b21a0a825bc344f8,1,1,0.5352512648095036
2508970,methodkg_v3_02422,projtxt_ca16b00027755dac,1,1,1.24741765005611
2508971,methodkg_v3_02423,projtxt_ca16b00027755dac,1,1,1.2621645010819649
2509043,methodkg_v3_02424,projtxt_63da0c897980b07e,1,1,0.4609107751135048
2509044,methodkg_v3_02425,projtxt_63da0c897980b07e,1,1,1.2996028481298596
2509474,methodkg_v3_02426,projtxt_77c8adde6631276e,1,1,0.7823199860994039
2510147,methodkg_v3_02427,projtxt_aef8dc01e881fa21,1,0,-0.25606117197404077
2510214,methodkg_v3_02428,projtxt_e5541fa950470442,1,1,0.16099652127418979
2513981,methodkg_v3_02429,projtxt_2b01a191b2fcc9d4,1,1,0.09569371510189545
2514338,methodkg_v3_02430,projtxt_6f0fbf5e538cd414,1,1,0.6204053333511836
2514349,methodkg_v3_02431,projtxt_297e7f72817f53d2,1,1,0.23827946994349586
2514491,methodkg_v3_02432,projtxt_391b75ddbd420d32,1,1,1.730363578659439
2515040,methodkg_v3_02433,projtxt_af2587d33bd3e7a0,1,1,0.0981945561199235
2515088,methodkg_v3_02434,projtxt_c29dfcdd4e374ed3,1,1,0.3787197568581036
2515127,methodkg_v3_02435,projtxt_638ddb38aaf7f828,1,1,0.3864050149767671
2515148,methodkg_v3_02436,projtxt_be9def8de7aa0356,1,1,0.3864050149767671
2515191,methodkg_v3_02437,projtxt_ababc7617af15170,1,0,-0.16459405763334228
2515226,methodkg_v3_02438,projtxt_922196c0e1718a5c,1,1,0.3787197568581036
2515308,methodkg_v3_02439,projtxt_1424adbb8c39d847,0,0,-0.7300704485337116
2516391,methodkg_v3_02440,projtxt_287ba724ce7fabeb,1,1,0.31094661144446584
2516409,methodkg_v3_02441,projtxt_01accc3116d27f88,1,1,0.05094374160134346
2516863,methodkg_v3_02442,projtxt_00a2f5d6c3dc8511,1,0,-0.031324556272668724
2517189,methodkg_v3_02443,projtxt_36ab7101f2ed0911,1,1,1.4308288384189716
2517316,methodkg_v3_02444,projtxt_ff8c94538898affe,1,0,-0.2850128203211317
2517445,methodkg_v3_02445,projtxt_c699e960299be839,1,0,-0.5556255127836494
2518485,methodkg_v3_02446,projtxt_138a5e28d82e4a11,1,1,1.2912919203249464
2518486,methodkg_v3_02447,projtxt_138a5e28d82e4a11,1,1,0.9116077342743669
2518487,methodkg_v3_02448,projtxt_138a5e28d82e4a11,1,1,1.3292104253839363
2518685,methodkg_v3_02449,projtxt_655924a0ba1756e5,1,1,0.7137623524790648
2518693,methodkg_v3_02450,projtxt_ea865128f9db5ca5,1,1,1.4496769887747583
2518732,methodkg_v3_02451,projtxt_79dd328095cf9dc0,1,1,0.6356594461830525
2518733,methodkg_v3_02452,projtxt_79dd328095cf9dc0,1,1,1.0348876626635901
2518804,methodkg_v3_02453,projtxt_974055dd88dbbecc,1,1,1.2382894517927072
2518892,methodkg_v3_02454,projtxt_d478227b7736bd86,1,1,0.41371721367259445
2518893,methodkg_v3_02455,projtxt_d478227b7736bd86,1,1,2.375538697879182
2519136,methodkg_v3_02456,projtxt_eb4cc4cb2133e828,1,1,1.3777975011372348
2520318,methodkg_v3_02457,projtxt_88e6dc834692189d,1,1,0.4711505829307257
2524227,methodkg_v3_02458,projtxt_5bdcd3dcfb65961c,1,1,0.3494154942592466
2524228,methodkg_v3_02459,projtxt_5bdcd3dcfb65961c,1,1,0.3494154942592466
2524359,methodkg_v3_02460,projtxt_d3e516a094f559ef,1,0,-0.30049358750492694
2525692,methodkg_v3_02461,projtxt_6954fe741da15043,0,1,0.17573035583775315
2526720,methodkg_v3_02462,projtxt_77d563f63a9dea53,1,1,1.011965351845667
2526755,methodkg_v3_02463,projtxt_22149b5c00104760,1,1,0.4699158750968417
2526759,methodkg_v3_02464,projtxt_c3eaa978a3f03143,1,1,1.125930232120934
2526905,methodkg_v3_02465,projtxt_24a3b3b1cd4ddbb1,0,0,-1.0720058895174631
2527473,methodkg_v3_02466,projtxt_4fc6cf7fb13c7d62,1,0,-0.39692790856823834
2527743,methodkg_v3_02467,projtxt_f7700d96362d96d6,1,0,-0.04315972380338268
2530060,methodkg_v3_02468,projtxt_9f44400497ac04a9,1,1,0.1835991580835376
2530299,methodkg_v3_02469,projtxt_133efbaccf99f9cc,1,1,1.6149464399916071
2530457,methodkg_v3_02470,projtxt_d4a055ebbb1c6d6a,1,1,1.4053779557850352
2530458,methodkg_v3_02471,projtxt_d4a055ebbb1c6d6a,1,1,2.97881264854773
2533639,methodkg_v3_02472,projtxt_9e9b8ba0e901db20,1,1,1.4185529754505055
2533640,methodkg_v3_02473,projtxt_9e9b8ba0e901db20,1,1,0.5858488704874936
2534091,methodkg_v3_02474,projtxt_1fe3dd1376347e50,1,1,0.3202537259672937
2534873,methodkg_v3_02475,projtxt_e5e2da47012f36ef,1,0,-1.0382517882951714
2541364,methodkg_v3_02476,projtxt_ebfc22aa8c313a8b,1,0,-0.04139097816690823
2545312,methodkg_v3_02477,projtxt_57810f309484c98c,1,1,1.037589737645686
2603026,methodkg_v3_02478,projtxt_a66819d223cd105f,1,1,0.5778408692397472
