award_id,y_true,y_pred,y_true_label,y_pred_label,score_0,score_1
1503196,1,1,1,1,0.0003091516055780952,0.9996908483944219
1614745,1,1,1,1,0.0006690864060497903,0.9993309135939502
1615207,1,1,1,1,9.831435190621463e-06,0.9999901685648094
1652825,1,1,1,1,0.0022953115932041745,0.9977046884067958
1664271,1,1,1,1,1.7108873917037748e-05,0.999982891126083
1664274,1,1,1,1,2.0340296162157934e-05,0.9999796597038378
1719872,1,1,1,1,0.01971466286872825,0.9802853371312718
1720838,1,1,1,1,0.1929391952943723,0.8070608047056277
1721054,1,1,1,1,0.03228621155668665,0.9677137884433133
1723884,1,1,1,1,3.1396869942024175e-05,0.999968603130058
1751314,0,1,0,1,0.05942484833183426,0.9405751516681657
1826354,1,0,1,0,0.8858860476720007,0.11411395232799926
1906172,1,0,1,0,0.9942374429211277,0.0057625570788723225
1908481,1,1,1,1,3.540613120556202e-05,0.9999645938687944
1914647,0,0,0,0,0.9999786839978245,2.131600217549941e-05
1914735,0,0,0,0,0.9999048770059318,9.512299406824795e-05
1918847,1,0,1,0,0.8067969924179627,0.19320300758203734
1920753,0,1,0,1,3.445825573222816e-05,0.9999655417442678
1925188,0,0,0,0,0.5797741029731583,0.42022589702684165
1929409,1,0,1,0,0.9996312544969916,0.0003687455030083269
1930026,1,0,1,0,0.999139153648424,0.0008608463515759794
1930076,1,1,1,1,0.2032412020421983,0.7967587979578017
1930132,1,0,1,0,0.93051732281374,0.06948267718625997
1930341,1,1,1,1,0.0013804961822102557,0.9986195038177897
1930373,1,0,1,0,0.9989297546384911,0.0010702453615089329
1930419,1,0,1,0,0.9694330724824748,0.03056692751752523
1930492,1,0,1,0,0.5129140046296509,0.48708599537034913
1930497,1,0,1,0,0.8072172967470529,0.19278270325294708
1930502,0,0,0,0,0.906273687034624,0.09372631296537605
1930539,1,0,1,0,0.9994546105407952,0.000545389459204752
1930553,1,0,1,0,0.9758893050132088,0.024110694986791227
1933277,0,0,0,0,0.999923780100138,7.621989986198366e-05
1933717,1,1,1,1,1.8471197340219625e-05,0.9999815288026598
1934126,1,1,1,1,0.030779071713062267,0.9692209282869377
1936070,1,1,1,1,0.018921643470970806,0.9810783565290292
1937391,1,0,1,0,0.9952287900425402,0.004771209957459833
1937490,1,0,1,0,0.997726172450266,0.002273827549733987
1937587,1,1,1,1,0.24368239357589672,0.7563176064241033
1937687,1,0,1,0,0.9964494924465789,0.0035505075534211553
1939038,0,0,0,0,0.9995162652451562,0.00048373475484370337
1941642,0,1,0,1,0.005027956913268294,0.9949720430867317
1941668,1,0,1,0,0.9163244223065162,0.0836755776934838
1941952,1,1,1,1,0.031522770057589744,0.9684772299424103
1943146,1,1,1,1,0.012726085896652917,0.9872739141033471
1943285,1,1,1,1,1.4522745528267045e-05,0.9999854772544717
1943541,1,0,1,0,0.9999962203463064,3.779653693567654e-06
1943934,0,1,0,1,0.03484209690145501,0.965157903098545
1944807,0,1,0,1,0.11270506938296909,0.8872949306170309
1945961,1,1,1,1,0.0026486422211402516,0.9973513577788597
1945963,1,1,1,1,0.2137366309471741,0.7862633690528259
1946553,0,1,0,1,0.41403734819098004,0.58596265180902
1948981,0,0,0,0,0.8302743749475271,0.16972562505247288
1949241,1,0,1,0,0.9979661194282353,0.0020338805717646977
1949454,1,1,1,1,5.98846363975003e-06,0.9999940115363602
1949585,1,0,1,0,0.9580642264786806,0.04193577352131938
1949586,1,1,1,1,0.00032276998393643286,0.9996772300160636
1949718,0,0,0,0,0.9993274682429011,0.0006725317570989129
1949848,1,1,1,1,0.0018311794743601784,0.9981688205256398
1949990,0,0,0,0,0.9874267887347451,0.012573211265254899
1950064,1,1,1,1,2.6044712194472908e-05,0.9999739552878055
1950304,0,1,0,1,0.037353069683195184,0.9626469303168048
1950340,0,1,0,1,0.00030517776236038685,0.9996948222376396
1950351,0,0,0,0,0.8474828874335792,0.15251711256642078
1950645,0,0,0,0,0.9992918558479409,0.0007081441520590824
1953561,1,1,1,1,0.0013174846117091077,0.9986825153882909
1953640,1,0,1,0,0.6713717928018346,0.3286282071981655
1953752,1,1,1,1,0.23772922324412427,0.7622707767558757
1953762,1,1,1,1,0.1108203994490694,0.8891796005509306
1955792,1,1,1,1,1.087628038431987e-05,0.9999891237196157
1955896,0,0,0,0,0.9435618201922705,0.05643817980772948
2000091,0,0,0,0,0.9999867782780771,1.3221721922836006e-05
2000183,0,1,0,1,0.004214134691027938,0.9957858653089721
2000292,1,0,1,0,0.589380683467742,0.4106193165322581
2000442,0,1,0,1,0.13606073277771336,0.8639392672222866
2000487,0,1,0,1,0.002857275912202195,0.9971427240877978
2000535,0,0,0,0,0.9999998706618777,1.293381223314617e-07
2000573,0,0,0,0,0.5105137600280134,0.48948623997198654
2000583,1,1,1,1,3.615723069128052e-05,0.9999638427693087
2000725,0,0,0,0,0.9999999805748921,1.942510790887891e-08
2000730,1,0,1,0,0.9815933558814799,0.018406644118520152
2000750,1,1,1,1,0.004847377553304888,0.9951526224466951
2000779,1,1,1,1,0.15428582451659434,0.8457141754834057
2000786,0,0,0,0,0.9999999626998326,3.7300167366671226e-08
2000799,1,1,1,1,5.981569049184898e-06,0.9999940184309508
2000847,1,0,1,0,0.7222076912431836,0.27779230875681643
2000866,0,1,0,1,0.06906331086517603,0.930936689134824
2000887,0,0,0,0,0.952041028403442,0.0479589715965581
2000888,1,0,1,0,0.9076678643676964,0.09233213563230362
2003126,1,0,1,0,0.9638237032320028,0.03617629676799713
2004898,1,0,1,0,0.9997466987644028,0.00025330123559717506
2005608,1,0,1,0,0.5626151472230524,0.4373848527769476
2005812,1,1,1,1,0.00015762122995732764,0.9998423787700427
2005840,1,1,1,1,0.005109888940111662,0.9948901110598883
2005890,1,1,1,1,3.899272384211283e-05,0.9999610072761579
2005898,0,0,0,0,0.9965283107103114,0.0034716892896885787
2005973,1,1,1,1,0.0030985011155235664,0.9969014988844764
2009127,1,1,1,1,8.636081760604597e-06,0.9999913639182394
2009977,1,1,1,1,0.2693891157054189,0.7306108842945811
2010038,0,1,0,1,0.18464735886664763,0.8153526411333524
2010124,1,0,1,0,0.9877291169816802,0.012270883018319821
2010139,0,1,0,1,7.49599924687594e-07,0.9999992504000753
2010237,0,1,0,1,3.4854246857563e-06,0.9999965145753142
2010256,1,0,1,0,0.9998275539604353,0.00017244603956470794
2010276,1,1,1,1,0.0017487726414936455,0.9982512273585064
2010312,1,1,1,1,0.01135021241657741,0.9886497875834226
2010361,1,1,1,1,8.43327892292578e-05,0.9999156672107707
2010530,1,1,1,1,0.0012057049843776646,0.9987942950156223
2011917,0,0,0,0,0.9978633330155012,0.002136666984498758
2013484,0,1,0,1,0.4697087039674184,0.5302912960325816
2013495,1,0,1,0,0.9998498261618536,0.00015017383814643122
2013504,1,1,1,1,0.25151289729914483,0.7484871027008552
2013554,1,0,1,0,0.5864562728530123,0.4135437271469878
2013575,1,0,1,0,0.7844053674081881,0.21559463259181194
2013612,1,0,1,0,0.9285447907891589,0.07145520921084109
2017704,0,1,0,1,0.00020785401927725378,0.9997921459807227
2019843,1,1,1,1,0.010637507126232792,0.9893624928737672
2021157,0,0,0,0,0.999932624666272,6.737533372806535e-05
2021315,1,0,1,0,0.8326098042992611,0.1673901957007389
2021402,0,1,0,1,0.3070148604391625,0.6929851395608375
2021499,0,0,0,0,0.9538444881555213,0.04615551184447869
2021512,1,0,1,0,0.8305625753607662,0.16943742463923384
2021546,0,1,0,1,0.1625533642775474,0.8374466357224526
2021585,0,1,0,1,0.00019485046770761905,0.9998051495322924
2022271,0,0,0,0,0.9998672991031815,0.0001327008968185401
2024394,1,0,1,0,0.9986178208909378,0.0013821791090622146
2025046,1,0,1,0,0.997392038613196,0.002607961386803975
2025181,0,1,0,1,1.0133973458947843e-05,0.999989866026541
2025280,1,1,1,1,0.025086004169196485,0.9749139958308035
2025349,1,1,1,1,6.88220216523705e-05,0.9999311779783476
2025682,0,0,0,0,0.9999714416690796,2.8558330920443974e-05
2025685,0,0,0,0,0.9946110767475852,0.005388923252414808
2025686,0,0,0,0,0.9999965952493695,3.4047506305644685e-06
2025805,0,0,0,0,0.9069749202454188,0.09302507975458119
2027470,0,0,0,0,0.9908465308150651,0.009153469184934907
2027506,1,1,1,1,0.27776777447942413,0.7222322255205759
2027637,1,1,1,1,0.1341266325063265,0.8658733674936735
2028026,0,0,0,0,0.9998444436621611,0.00015555633783889035
2028469,1,0,1,0,0.9976980430655864,0.002301956934413613
2028473,1,0,1,0,0.988020308834493,0.011979691165507041
2028811,1,1,1,1,0.003678072913765318,0.9963219270862347
2029357,1,1,1,1,0.04769455052500482,0.9523054494749952
2029642,1,1,1,1,3.2691584010091645e-05,0.9999673084159899
2029782,1,1,1,1,0.3055400060499436,0.6944599939500564
2029784,1,1,1,1,0.00021533521204264439,0.9997846647879574
2029785,1,1,1,1,0.004341654343288259,0.9956583456567117
2029796,1,1,1,1,0.10501167850331827,0.8949883214966817
2030297,1,0,1,0,0.8745994429998055,0.1254005570001945
2030313,1,1,1,1,0.1183703258480081,0.8816296741519919
2030485,1,0,1,0,0.9983854428129543,0.0016145571870457335
2030582,1,0,1,0,0.9350460054327498,0.0649539945672501
2030663,1,1,1,1,0.23336212928558342,0.7666378707144166
2030720,1,0,1,0,0.7181236105558171,0.28187638944418286
2030731,0,1,0,1,0.001154773584924329,0.9988452264150757
2030969,1,0,1,0,0.9863700218643727,0.013629978135627269
2032226,0,0,0,0,0.999695358294049,0.0003046417059510531
2032737,1,0,1,0,0.9994339021028964,0.0005660978971035585
2032781,0,0,0,0,0.9983443228144693,0.0016556771855307066
2032802,1,1,1,1,0.28094500718169657,0.7190549928183034
2033389,1,1,1,1,0.0007945753833393798,0.9992054246166606
2036549,1,1,1,1,0.002230230903871089,0.9977697690961289
2036870,0,1,0,1,0.014965208114259498,0.9850347918857405
2037403,0,1,0,1,0.00023474506270027007,0.9997652549372997
2037809,1,0,1,0,0.8436495243091795,0.15635047569082047
2039583,0,1,0,1,0.4942642063641227,0.5057357936358773
2039864,1,0,1,0,0.998592744263561,0.0014072557364389934
2039871,1,1,1,1,0.3673104617572147,0.6326895382427853
2040795,0,1,0,1,5.869116227141813e-05,0.9999413088377286
2041960,1,0,1,0,0.9989981737400755,0.0010018262599244786
2042142,1,1,1,1,1.969740631602157e-06,0.9999980302593684
2044243,1,1,1,1,0.056274692979291,0.943725307020709
2044333,0,0,0,0,0.9996767538573335,0.0003232461426664961
2044390,1,1,1,1,0.0014307956830689195,0.9985692043169311
2044473,1,1,1,1,0.013206779678038072,0.9867932203219619
2044879,1,1,1,1,3.332295246027961e-05,0.9999666770475397
2045634,0,1,0,1,9.131769240533494e-05,0.9999086823075947
2046079,1,1,1,1,1.493808180541567e-05,0.9999850619181946
2047105,1,1,1,1,1.9589219135696112e-11,0.9999999999804108
2047420,1,1,1,1,2.1508101505363086e-06,0.9999978491898495
2048018,1,1,1,1,0.02924778314870058,0.9707522168512994
2048833,1,1,1,1,0.23850905182562576,0.7614909481743742
2048852,1,1,1,1,0.00027321795868207044,0.9997267820413179
2048987,1,1,1,1,0.0004066859624420882,0.9995933140375579
2049044,0,0,0,0,0.9999933837622799,6.6162377200825475e-06
2049974,0,0,0,0,0.9773550556966691,0.022644944303330833
2050443,0,1,0,1,0.000145040577169131,0.9998549594228309
2050542,0,1,0,1,0.0011184757112616683,0.9988815242887383
2050619,1,1,1,1,3.064858145052085e-09,0.9999999969351419
2050669,0,0,0,0,0.9978729289130008,0.0021270710869991435
2050699,0,0,0,0,0.9948440022708069,0.005155997729193088
2050899,0,1,0,1,0.0002558430378686305,0.9997441569621314
2050956,0,0,0,0,0.9462188686822012,0.053781131317798866
2051156,0,1,0,1,0.17196358323231709,0.8280364167676829
2052788,0,0,0,0,0.9999999993383715,6.616285460187068e-10
2054823,1,1,1,1,0.0021149543178025088,0.9978850456821975
2055250,0,0,0,0,0.7699354011523789,0.23006459884762107
2055288,1,1,1,1,0.028312101290780878,0.9716878987092191
2055343,0,1,0,1,4.5250314606448683e-10,0.9999999995474969
2055375,1,1,1,1,7.464152740332963e-09,0.9999999925358473
2055379,0,1,0,1,0.0012830799109467828,0.9987169200890532
2055534,0,1,0,1,0.00042970126138641707,0.9995702987386136
2055550,1,1,1,1,1.2780486374763811e-05,0.9999872195136252
2055597,1,1,1,1,0.002919934403973534,0.9970800655960265
2055609,1,1,1,1,0.0012093299777873323,0.9987906700222127
2055705,1,1,1,1,0.003830631640952986,0.996169368359047
2100017,1,1,1,1,0.0006015230796155846,0.9993984769203844
2100029,1,1,1,1,4.823724188685041e-05,0.9999517627581131
2100062,1,0,1,0,0.7694081871407031,0.2305918128592969
2100081,1,1,1,1,0.10878862174062232,0.8912113782593777
2100137,0,1,0,1,6.565134436087305e-09,0.9999999934348656
2100138,0,1,0,1,5.680132142416028e-09,0.9999999943198679
2100139,1,1,1,1,2.418314112062614e-05,0.9999758168588794
2100149,0,0,0,0,0.9998940767115386,0.0001059232884613392
2100242,0,1,0,1,7.780217283759328e-07,0.9999992219782716
2100296,1,1,1,1,0.00012232130964162646,0.9998776786903584
2100617,1,1,1,1,0.002562825773419375,0.9974371742265806
2100823,0,1,0,1,0.00024149329770772887,0.9997585067022923
2100835,1,1,1,1,0.0025377742110480606,0.9974622257889519
2101138,0,0,0,0,0.9999306229019344,6.93770980656314e-05
2101217,0,1,0,1,0.004348881007788963,0.995651118992211
2101255,0,1,0,1,1.3480243810093384e-07,0.9999998651975619
2101669,0,1,0,1,0.00035922176858416144,0.9996407782314158
2101670,0,1,0,1,0.0025297365655954085,0.9974702634344046
2104782,1,1,1,1,0.0020461829441604795,0.9979538170558395
2104792,1,1,1,1,0.019410002308828833,0.9805899976911712
2104979,1,1,1,1,0.0008636636463603686,0.9991363363536396
2105156,1,0,1,0,0.9883082475410551,0.011691752458944991
2105695,1,1,1,1,0.178697693529128,0.821302306470872
2106319,1,1,1,1,0.008191035067455665,0.9918089649325443
2106670,1,1,1,1,0.00013305004099883888,0.9998669499590012
2107631,1,1,1,1,0.010661086147138343,0.9893389138528617
2109443,1,1,1,1,0.0023142039194526953,0.9976857960805473
2109942,0,0,0,0,0.9720066224420649,0.027993377557935097
2110641,1,1,1,1,0.012792608006529593,0.9872073919934704
2110777,1,1,1,1,0.2395127456014311,0.7604872543985689
2111119,1,1,1,1,0.29922924076650925,0.7007707592334907
2111150,1,1,1,1,1.3649838905838152e-06,0.9999986350161094
2111262,1,0,1,0,0.8935130116304394,0.10648698836956061
2111331,1,1,1,1,6.4121472161948745e-06,0.9999935878527838
2111377,1,1,1,1,1.3822343555291994e-06,0.9999986177656445
2111386,1,1,1,1,2.3292831515808743e-06,0.9999976707168484
2111510,1,1,1,1,0.00010334575318005079,0.99989665424682
2111533,1,1,1,1,0.0010975056169043595,0.9989024943830956
2112532,1,0,1,0,0.9998332060191275,0.0001667939808724612
2112689,1,1,1,1,0.0280849565721335,0.9719150434278665
2113261,0,1,0,1,0.0006681594359039256,0.9993318405640961
2113755,1,1,1,1,2.1093327842169884e-06,0.9999978906672158
2113844,1,0,1,0,0.8207748702079757,0.17922512979202435
2113845,1,0,1,0,0.9997406361558115,0.00025936384418841923
2113846,1,0,1,0,0.9999405171632546,5.9482836745369645e-05
2114824,0,1,0,1,0.07753972704059109,0.9224602729594089
2115138,1,0,1,0,0.9869823396877735,0.013017660312226531
2115160,1,0,1,0,0.9685852281170207,0.031414771882979226
2115579,1,1,1,1,0.010729172085509386,0.9892708279144906
2115730,1,1,1,1,0.004068721484939974,0.99593127851506
2115921,1,1,1,1,4.839259212241487e-07,0.9999995160740788
2116110,1,1,1,1,2.8385006123343715e-06,0.9999971614993877
2116118,1,1,1,1,0.0027774991579028185,0.9972225008420972
2117224,1,1,1,1,0.07515238305876826,0.9248476169412317
2118077,1,1,1,1,0.0004453403614568252,0.9995546596385432
2119007,0,1,0,1,0.4714764885424215,0.5285235114575785
2120021,1,1,1,1,0.0037978774494741296,0.9962021225505259
2120742,1,1,1,1,3.1904830433138187e-07,0.9999996809516957
2120849,1,1,1,1,0.003214437378527113,0.9967855626214729
2121277,1,1,1,1,1.705121833062151e-05,0.9999829487816694
2121342,1,0,1,0,0.9996629846608601,0.0003370153391398603
2121351,1,1,1,1,0.00023474901659137348,0.9997652509834086
2121417,1,1,1,1,0.005975142731232896,0.9940248572687671
2121503,1,0,1,0,0.9663998459587742,0.033600154041225905
2122212,0,0,0,0,0.6021322761733583,0.39786772382664165
2122213,0,1,0,1,1.960192806849115e-06,0.9999980398071932
2122367,1,1,1,1,0.001841536591556281,0.9981584634084437
2122665,1,0,1,0,0.9761356828038339,0.023864317196166145
2122828,1,1,1,1,0.43390762006715766,0.5660923799328423
2122874,1,1,1,1,0.0011610805250733547,0.9988389194749266
2122875,1,1,1,1,0.00017500204238019013,0.9998249979576198
2122924,1,1,1,1,0.25687686124299236,0.7431231387570076
2122934,0,1,0,1,1.6803857570302227e-05,0.9999831961424297
2122985,0,0,0,0,0.9999999142360192,8.576398079383842e-08
2124215,0,1,0,1,1.185457872532325e-05,0.9999881454212747
2125362,0,0,0,0,0.9999805718299007,1.942817009920853e-05
2126021,1,1,1,1,2.0465686706661046e-05,0.9999795343132933
2126023,1,1,1,1,0.05807594356933776,0.9419240564306622
2126031,1,1,1,1,1.1436842428658167e-07,0.9999998856315757
2126056,1,1,1,1,8.9394192938963e-05,0.999910605807061
2126082,0,0,0,0,0.9954339503705938,0.004566049629406166
2126613,0,0,0,0,0.9999995533021083,4.466978916987649e-07
2128203,1,1,1,1,0.03547870219608373,0.9645212978039163
2128544,1,1,1,1,0.029333855268781184,0.9706661447312188
2128559,1,1,1,1,0.0031238518536569337,0.9968761481463431
2128897,1,0,1,0,0.9971296531997134,0.0028703468002866358
2129282,1,1,1,1,0.1797409642826121,0.8202590357173879
2129308,1,0,1,0,0.9342236299558637,0.06577637004413632
2129896,1,0,1,0,0.9612802193497606,0.03871978065023944
2130006,0,0,0,0,0.9927819929618682,0.007218007038131801
2130022,1,1,1,1,2.705170532024681e-09,0.9999999972948295
2130073,1,0,1,0,0.9698900783659876,0.030109921634012365
2130169,1,1,1,1,0.06668026578777575,0.9333197342122243
2130222,1,0,1,0,0.8119371760025256,0.18806282399747448
2130239,1,0,1,0,0.9800566178006065,0.019943382199393567
2130255,1,1,1,1,0.45503429731083267,0.5449657026891673
2130256,1,1,1,1,0.046262053355153654,0.9537379466448463
2130286,1,1,1,1,0.0008660619656299939,0.99913393803437
2130290,1,1,1,1,0.3538213070164068,0.6461786929835932
2130298,1,0,1,0,0.9850018117693389,0.014998188230661125
2130323,1,1,1,1,0.20374459424275593,0.7962554057572441
2130397,1,0,1,0,0.8463179546663865,0.15368204533361354
2130398,1,0,1,0,0.998092053212643,0.0019079467873569134
2130448,1,1,1,1,0.013835647089707082,0.9861643529102929
2130461,1,1,1,1,0.08637295450242644,0.9136270454975736
2130479,0,1,0,1,0.001193552551993604,0.9988064474480064
2131097,1,1,1,1,0.2774843519858884,0.7225156480141116
2133190,0,0,0,0,0.9984812118678763,0.0015187881321236767
2133982,1,0,1,0,0.9394276047637423,0.060572395236257695
2134583,1,0,1,0,0.9952162693397906,0.004783730660209407
2135431,1,1,1,1,0.00496152143601003,0.99503847856399
2135438,1,1,1,1,2.003254501492524e-05,0.9999799674549851
2136382,0,1,0,1,0.34786614922267056,0.6521338507773294
2138463,1,0,1,0,0.9963305338663946,0.003669466133605395
2139106,1,1,1,1,0.02461957749362098,0.975380422506379
2140246,1,1,1,1,4.0644712159920715e-05,0.9999593552878401
2140262,1,1,1,1,0.01714107947641852,0.9828589205235815
2140867,1,1,1,1,1.521028395923274e-05,0.9999847897160408
2140901,1,1,1,1,4.0142364643447337e-07,0.9999995985763536
2140902,1,1,1,1,4.131136167151439e-06,0.9999958688638328
2140903,1,1,1,1,0.00010417042791210918,0.9998958295720879
2140904,1,1,1,1,0.0024176543536520434,0.997582345646348
2140905,1,1,1,1,0.00017398211809460662,0.9998260178819054
2141682,1,0,1,0,0.9951824767278948,0.0048175232721051385
2141716,1,1,1,1,0.001020909696925587,0.9989790903030744
2141724,1,1,1,1,0.011028372293462319,0.9889716277065377
2141727,1,1,1,1,0.0006908953817864605,0.9993091046182135
2141952,1,1,1,1,2.6926420339523638e-05,0.9999730735796605
2141975,1,0,1,0,0.6622411533320753,0.33775884666792466
2142108,1,1,1,1,7.160550216189776e-05,0.9999283944978381
2142214,1,0,1,0,0.9998820316843574,0.00011796831564254187
2142262,1,1,1,1,0.00019223627975462065,0.9998077637202454
2142276,1,1,1,1,0.12224163224017637,0.8777583677598236
2142277,1,1,1,1,0.0011112099487031735,0.9988887900512968
2142311,1,0,1,0,0.9952096594738566,0.004790340526143362
2142324,1,1,1,1,0.10447920065065497,0.895520799349345
2142344,1,0,1,0,0.9438553791727888,0.05614462082721116
2142416,1,1,1,1,0.004640201262029242,0.9953597987379708
2142436,1,0,1,0,0.7183002081809502,0.28169979181904975
2142439,1,1,1,1,0.4548678542382235,0.5451321457617765
2142490,1,1,1,1,0.1422869629700113,0.8577130370299887
2142503,1,1,1,1,0.26897092512108367,0.7310290748789163
2142594,1,0,1,0,0.9504564543103399,0.04954354568966013
2142628,0,1,0,1,0.006218392928406535,0.9937816070715935
2142641,1,1,1,1,0.003465103209924103,0.9965348967900759
2142659,0,1,0,1,0.46984978974900693,0.5301502102509931
2142697,1,1,1,1,1.0332648316846438e-05,0.9999896673516832
2142780,0,0,0,0,0.9139278910690725,0.0860721089309276
2142783,1,0,1,0,0.6387251600288145,0.3612748399711855
2143173,1,1,1,1,0.026746452483606076,0.9732535475163939
2143671,1,1,1,1,1.0072968156249473e-06,0.9999989927031844
2144618,1,1,1,1,0.009543100508575098,0.9904568994914249
2144698,0,1,0,1,1.3603607609713464e-05,0.9999863963923903
2145105,1,1,1,1,0.09530727628042301,0.904692723719577
2146269,0,1,0,1,0.062498518895467425,0.9375014811045326
2146359,0,0,0,0,0.9150323209724486,0.08496767902755138
2147625,1,1,1,1,0.003990189472520389,0.9960098105274796
2147810,1,1,1,1,0.009894160181796452,0.9901058398182035
2147811,1,1,1,1,0.00026361567410282394,0.9997363843258972
2148014,1,1,1,1,8.392926775990794e-05,0.9999160707322401
2148023,1,0,1,0,0.9597601936917816,0.04023980630821846
2148451,1,1,1,1,0.0836124263981346,0.9163875736018654
2148543,1,0,1,0,0.7608490857903181,0.23915091420968196
2148560,1,1,1,1,0.3730714575278953,0.6269285424721047
2148561,1,1,1,1,6.703094939553011e-05,0.9999329690506045
2148680,1,1,1,1,9.026295972691667e-05,0.9999097370402731
2148777,1,1,1,1,0.003655350637785326,0.9963446493622147
2149356,1,1,1,1,2.797638390061863e-06,0.9999972023616099
2149370,0,0,0,0,0.9763680692196866,0.02363193078031347
2150045,1,1,1,1,0.01873345220472855,0.9812665477952714
2150088,0,1,0,1,0.0027513714279366885,0.9972486285720633
2150297,0,0,0,0,0.9998652862174873,0.00013471378251268324
2150323,1,1,1,1,0.00036118916942640134,0.9996388108305736
2150337,0,0,0,0,0.9999996224123786,3.7758762137876845e-07
2150449,0,0,0,0,0.9999589544081982,4.104559180190037e-05
2150961,0,1,0,1,0.09793242934652657,0.9020675706534734
2151012,1,1,1,1,2.244545941776366e-06,0.9999977554540582
2151045,1,1,1,1,4.9658136543118125e-05,0.9999503418634569
2151046,0,0,0,0,0.9999828777328151,1.7122267184875973e-05
2151056,1,1,1,1,4.731382463551981e-05,0.9999526861753645
2151057,1,1,1,1,0.0001619193531235963,0.9998380806468764
2151061,0,0,0,0,0.999999883468701,1.1653129903225909e-07
2151141,0,0,0,0,0.7194922962805363,0.2805077037194637
2151404,0,1,0,1,0.016622469630213854,0.9833775303697861
2152260,0,1,0,1,0.08519743267623348,0.9148025673237665
2152282,1,1,1,1,2.735244817086979e-06,0.9999972647551829
2152441,0,1,0,1,0.303193180140495,0.696806819859505
2154606,0,1,0,1,0.003218271083211266,0.9967817289167887
2200365,0,0,0,0,0.9294701690090783,0.07052983099092171
2200748,1,1,1,1,2.5453031460287434e-08,0.9999999745469685
2200781,0,1,0,1,0.06654471756341074,0.9334552824365893
2200815,1,0,1,0,0.5755143291138201,0.4244856708861799
2200830,1,1,1,1,0.00014593992131617384,0.9998540600786838
2200887,0,1,0,1,0.06821202627031775,0.9317879737296823
2200928,1,1,1,1,0.0020118204833109443,0.9979881795166891
2201051,1,1,1,1,0.1364329364771687,0.8635670635228313
2201545,1,1,1,1,0.01366086623502516,0.9863391337649748
2201576,1,0,1,0,0.961800920117296,0.03819907988270396
2201641,0,1,0,1,0.00051748910064775,0.9994825108993523
2201642,0,1,0,1,0.0016902957419948628,0.9983097042580051
2201700,1,1,1,1,0.0004457937783570731,0.9995542062216429
2201701,1,1,1,1,0.0004550053613884275,0.9995449946386116
2201764,1,0,1,0,0.5702710647720067,0.42972893522799327
2201765,1,1,1,1,0.0012755092546303803,0.9987244907453696
2201792,0,1,0,1,0.00040594583512609805,0.9995940541648739
2201793,0,1,0,1,0.0004882463972747386,0.9995117536027253
2201794,0,1,0,1,0.0008908860198676427,0.9991091139801324
2201795,0,1,0,1,0.0007362174020323353,0.9992637825979677
2201858,0,1,0,1,7.798175326589885e-07,0.9999992201824673
2201859,0,1,0,1,2.6997616907609157e-06,0.9999973002383092
2201929,0,1,0,1,3.1959299335859725e-06,0.9999968040700664
2201930,0,1,0,1,8.122021737388962e-07,0.9999991877978263
2201943,0,1,0,1,3.9642126747896356e-07,0.9999996035787325
2201993,0,0,0,0,0.9998106692626965,0.0001893307373035293
2202156,0,1,0,1,0.007592085119051295,0.9924079148809487
2202169,1,1,1,1,5.938425682971982e-06,0.999994061574317
2203386,1,1,1,1,0.10113354293384336,0.8988664570661566
2204462,0,1,0,1,1.730832370760993e-07,0.9999998269167629
2204537,0,1,0,1,2.1553058165646455e-05,0.9999784469418344
2205001,1,1,1,1,0.009477147556841481,0.9905228524431585
2205612,0,1,0,1,3.9141417281673974e-05,0.9999608585827183
2207219,1,0,1,0,0.9999970720025473,2.9279974526975594e-06
2207408,1,1,1,1,0.0008251669453790411,0.999174833054621
2207795,0,1,0,1,1.2041096375536853e-07,0.9999998795890362
2211032,1,0,1,0,0.8010553821631782,0.19894461783682182
2214418,0,1,0,1,6.042261343153221e-06,0.9999939577386568
2214516,1,1,1,1,0.022657254048619402,0.9773427459513806
2214740,1,1,1,1,0.08071813454173338,0.9192818654582666
2215050,1,1,1,1,0.2514114672177229,0.7485885327822771
2215084,1,1,1,1,1.7173208808340945e-06,0.9999982826791192
2215166,1,1,1,1,3.11759028093217e-05,0.9999688240971907
2215167,1,1,1,1,0.010943576691080703,0.9890564233089193
2215592,0,1,0,1,0.13617609420089227,0.8638239057991077
2215653,1,1,1,1,8.028957425576522e-06,0.9999919710425744
2215654,1,1,1,1,0.07449759674210488,0.9255024032578951
2215655,1,1,1,1,2.3492568301808348e-07,0.999999765074317
2215656,1,1,1,1,2.2252288968016565e-05,0.999977747711032
2215970,1,1,1,1,5.466470366477516e-06,0.9999945335296335
2216031,1,1,1,1,0.000542038306811321,0.9994579616931887
2216121,1,1,1,1,0.3658705688266728,0.6341294311733272
2216351,1,0,1,0,0.9984799428586949,0.0015200571413051518
2217640,0,0,0,0,0.9975961724442715,0.002403827555728532
2217718,1,1,1,1,0.0010138248075119982,0.998986175192488
2217745,1,0,1,0,0.6372081413175369,0.3627918586824631
2219012,1,1,1,1,4.4359524730808175e-05,0.9999556404752692
2219271,1,1,1,1,1.2534838607414223e-05,0.9999874651613926
2219389,1,1,1,1,1.167865681939162e-08,0.9999999883213432
2219522,0,0,0,0,0.9999983741078511,1.6258921489669515e-06
2221149,1,0,1,0,0.9996211091752766,0.0003788908247233886
2221153,1,1,1,1,0.03764517746547702,0.962354822534523
2221163,0,1,0,1,0.10514857993019644,0.8948514200698036
2221177,1,0,1,0,0.9999958043113659,4.195688634024651e-06
2221187,1,1,1,1,0.027776018492610466,0.9722239815073895
2221242,1,1,1,1,0.0016849137416923288,0.9983150862583077
2221262,1,1,1,1,0.3860985444146927,0.6139014555853073
2221335,1,1,1,1,0.1417874339854336,0.8582125660145664
2221337,1,1,1,1,0.199767284241133,0.800232715758867
2221421,1,1,1,1,0.018596969016979714,0.9814030309830203
2221462,1,0,1,0,0.9099679253086822,0.09003207469131784
2221465,0,0,0,0,0.8109883210389044,0.1890116789610956
2221538,1,0,1,0,0.9138830742384764,0.08611692576152367
2221574,1,1,1,1,0.19798754664771023,0.8020124533522898
2221627,1,0,1,0,0.9804799925561485,0.01952000744385153
2221637,1,0,1,0,0.9992881941443689,0.000711805855631133
2221696,0,0,0,0,0.6543049870049056,0.3456950129950945
2221912,1,1,1,1,9.172726439066192e-05,0.9999082727356093
2222278,1,1,1,1,0.0008289837712962544,0.9991710162287037
2222293,1,1,1,1,0.18624257487107487,0.8137574251289251
2223907,1,0,1,0,0.5963286475059316,0.4036713524940684
2224674,1,1,1,1,0.0001864629617932545,0.9998135370382067
2224675,1,1,1,1,1.4790760150762416e-05,0.9999852092398492
2224857,1,1,1,1,2.244680765706164e-07,0.9999997755319234
2225128,0,1,0,1,0.007784294087608168,0.9922157059123918
2225209,0,1,0,1,1.1359080231976293e-08,0.9999999886409198
2225211,1,1,1,1,4.0836831383117556e-07,0.9999995916316862
2225255,1,1,1,1,0.04210313487982531,0.9578968651201747
2225306,1,1,1,1,2.1714886744295114e-07,0.9999997828511326
2225381,1,1,1,1,1.1614578032670408e-07,0.9999998838542197
2228202,1,1,1,1,0.004159023881682211,0.9958409761183178
2228211,0,1,0,1,0.17895729522393888,0.8210427047760611
2234071,1,0,1,0,0.7233959813267683,0.2766040186732317
2234073,1,1,1,1,0.049724506711233296,0.9502754932887667
2234074,1,1,1,1,0.22014210347833618,0.7798578965216638
2234348,0,1,0,1,0.0011942221162054567,0.9988057778837945
2234633,1,1,1,1,4.527033901080557e-07,0.9999995472966099
2235227,1,1,1,1,0.1542185075433613,0.8457814924566387
2235241,1,1,1,1,0.0036898033624461757,0.9963101966375538
2235345,1,0,1,0,0.8812401801386888,0.11875981986131125
2235460,1,1,1,1,0.1846285517837426,0.8153714482162574
2235461,0,1,0,1,0.03924336070645873,0.9607566392935413
2235543,1,0,1,0,0.9265298737802576,0.07347012621974237
2235568,0,0,0,0,0.8189037048228381,0.18109629517716183
2235600,0,0,0,0,0.6122276037408896,0.3877723962591105
2235774,0,1,0,1,6.474798441513663e-06,0.9999935252015585
2235833,1,1,1,1,1.110499864287462e-07,0.9999998889500136
2235957,1,1,1,1,5.48268723422618e-05,0.9999451731276577
2236075,1,1,1,1,2.9408363333427445e-07,0.9999997059163667
2236107,1,1,1,1,4.170022669391926e-07,0.9999995829977331
2236402,1,1,1,1,0.44834955737676374,0.5516504426232363
2236739,0,0,0,0,0.8193080147921175,0.1806919852078825
2237053,1,1,1,1,0.00011183118305746476,0.9998881688169425
2237151,0,1,0,1,0.00030834725164707866,0.9996916527483529
2237564,1,1,1,1,0.0056979414481488355,0.9943020585518512
2237902,0,1,0,1,0.0005365031526731734,0.9994634968473268
2240951,1,1,1,1,0.00040212389777893875,0.9995978761022211
2241382,0,1,0,1,0.009069048203732222,0.9909309517962678
2241766,1,0,1,0,0.7239524299225494,0.2760475700774506
2243017,0,1,0,1,3.068415574958294e-07,0.9999996931584425
2243018,0,1,0,1,7.201697232273041e-05,0.9999279830276773
2243019,0,1,0,1,2.057724593562682e-05,0.9999794227540644
2243020,0,1,0,1,1.2338673305301029e-08,0.9999999876613267
2243021,0,1,0,1,3.1622366980510463e-07,0.9999996837763302
2243106,0,1,0,1,3.217777155839485e-10,0.9999999996782223
2243107,0,1,0,1,2.492752826377398e-08,0.9999999750724717
2243108,0,1,0,1,4.522535679285511e-10,0.9999999995477464
2243109,1,1,1,1,3.0226193361571063e-06,0.9999969773806638
2243288,1,1,1,1,0.00015342077620028594,0.9998465792237997
2243403,0,1,0,1,0.14485477347126352,0.8551452265287365
2243443,1,0,1,0,0.8933525877288243,0.10664741227117572
2243457,1,1,1,1,0.013200175897552846,0.9867998241024472
2243484,1,1,1,1,0.009159151697728296,0.9908408483022717
2243510,0,1,0,1,0.0922674660704994,0.9077325339295006
2243553,0,1,0,1,0.2099967080238102,0.7900032919761898
2243558,0,0,0,0,0.9995542382345008,0.00044576176549915146
2244031,0,0,0,0,0.9999059521153808,9.404788461918661e-05
2244323,1,0,1,0,0.9790474115046055,0.020952588495394487
2244342,0,0,0,0,0.9999965936256481,3.4063743519197083e-06
2244546,0,0,0,0,0.9659299147237442,0.034070085276255754
2246200,1,1,1,1,3.647984067278731e-05,0.9999635201593272
2247026,0,1,0,1,0.2966054189611529,0.7033945810388471
2247282,0,0,0,0,0.9998112750457069,0.00018872495429306566
2247283,0,0,0,0,0.9999133101417177,8.66898582823516e-05
2247790,1,0,1,0,0.9017762983639585,0.09822370163604155
2247809,0,1,0,1,2.8939289535179213e-05,0.9999710607104648
2247976,1,1,1,1,0.3641169215824217,0.6358830784175783
2300233,1,1,1,1,0.008419596128936502,0.9915804038710635
2300291,1,1,1,1,0.00024391661109235407,0.9997560833889076
2300322,1,1,1,1,0.009337009388674655,0.9906629906113253
2300323,1,1,1,1,0.02839660401818289,0.9716033959818171
2300376,1,1,1,1,0.09131732357560796,0.908682676424392
2300618,1,1,1,1,0.0017795085474210381,0.998220491452579
2300619,1,1,1,1,0.002980130612513454,0.9970198693874865
2300676,1,1,1,1,0.0035957526675968188,0.9964042473324032
2300709,1,1,1,1,4.141471066088087e-08,0.9999999585852893
2300710,1,1,1,1,0.002904890517691827,0.9970951094823082
2300725,1,1,1,1,6.7132698617689e-05,0.9999328673013823
2300744,0,0,0,0,0.9947049562026912,0.0052950437973088085
2300747,1,1,1,1,0.00012532537668386023,0.9998746746233161
2300927,1,1,1,1,4.200833908840629e-06,0.9999957991660912
2300977,1,0,1,0,0.8737432804804096,0.12625671951959036
2301049,1,0,1,0,0.9739044290401061,0.02609557095989395
2302112,1,1,1,1,3.8383901090899286e-07,0.9999996161609891
2306044,0,0,0,0,0.9142140854035091,0.08578591459649086
2306052,1,1,1,1,0.09584986160163544,0.9041501383983646
2306053,1,1,1,1,0.00031660283174095305,0.999683397168259
2306099,1,1,1,1,0.0021062767951320893,0.9978937232048679
2306262,1,0,1,0,0.6722177832077845,0.3277822167922155
2306263,1,0,1,0,0.8825782821443551,0.11742171785564488
2306270,1,1,1,1,0.007803089516383199,0.9921969104836168
2306271,1,0,1,0,0.9938974353387908,0.006102564661209159
2306658,1,0,1,0,0.9956247863461184,0.004375213653881637
2308501,1,0,1,0,0.9999999978253064,2.1746936322845557e-09
2311493,0,0,0,0,0.9955562977248286,0.004443702275171487
2313240,1,1,1,1,0.20350359222519576,0.7964964077748042
2313241,1,1,1,1,0.13699840694717147,0.8630015930528285
2313369,0,1,0,1,0.18482417288260256,0.8151758271173974
2313418,1,0,1,0,0.9984933697153457,0.0015066302846543016
2313440,1,1,1,1,0.03607148512727454,0.9639285148727255
2313850,1,1,1,1,1.2356797022272659e-06,0.9999987643202978
2313972,1,1,1,1,0.0007849723084307758,0.9992150276915692
2313979,0,1,0,1,4.83975880151144e-05,0.9999516024119849
2314075,1,1,1,1,1.6632959737306052e-06,0.9999983367040263
2314089,1,1,1,1,7.263664159040673e-08,0.9999999273633584
2314107,1,0,1,0,0.6689537148454121,0.33104628515458784
2314109,0,1,0,1,0.0034409550754193052,0.9965590449245807
2314112,0,1,0,1,0.07684501269181587,0.9231549873081841
2314144,1,1,1,1,0.0010670893329763897,0.9989329106670236
2314238,1,1,1,1,0.006199014381589207,0.9938009856184108
2314844,1,1,1,1,0.15263492915327348,0.8473650708467265
2315023,0,1,0,1,2.252880626496534e-08,0.9999999774711937
2315024,0,1,0,1,0.07662883249307928,0.9233711675069207
2315095,1,1,1,1,1.7297418941630838e-08,0.9999999827025811
2315124,1,0,1,0,0.8480782756541523,0.15192172434584772
2315277,1,1,1,1,4.383944547203811e-05,0.999956160554528
2315353,1,1,1,1,0.06419614729254985,0.9358038527074501
2315532,1,1,1,1,3.225131815942639e-05,0.9999677486818406
2315617,1,1,1,1,0.001984909605847851,0.9980150903941521
2315626,0,0,0,0,0.6150907798170114,0.38490922018298857
2315647,0,0,0,0,0.7816036902423157,0.21839630975768431
2315763,1,1,1,1,2.434685393393199e-05,0.9999756531460661
2315912,1,0,1,0,0.9991691706621851,0.0008308293378148643
2317283,0,1,0,1,1.5457635815785409e-06,0.9999984542364184
2317318,0,0,0,0,0.9368958558532943,0.06310414414670579
2317319,0,1,0,1,0.11211336314825737,0.8878866368517426
2317747,1,0,1,0,0.8544998472797157,0.14550015272028427
2317780,1,1,1,1,2.0408003905347805e-05,0.9999795919960947
2317969,0,1,0,1,0.022605585551330742,0.9773944144486693
2318158,1,1,1,1,0.07588513916210105,0.924114860837899
2318178,1,1,1,1,5.1581923808941e-06,0.9999948418076191
2318264,1,1,1,1,7.69396566712155e-05,0.9999230603433288
2318415,1,1,1,1,0.003319740658311421,0.9966802593416886
2318849,0,0,0,0,0.9941795080136173,0.005820491986382713
2320947,1,1,1,1,0.00012763871070653465,0.9998723612892935
2321179,1,1,1,1,0.002571767393034108,0.9974282326069659
2321205,1,1,1,1,0.00025346232196565843,0.9997465376780343
2321218,1,1,1,1,3.1167498576789576e-05,0.9999688325014232
2321219,1,1,1,1,0.00046040349584108853,0.9995395965041589
2321243,1,1,1,1,4.5403206694327736e-07,0.9999995459679331
2321390,1,1,1,1,0.018176990216482225,0.9818230097835178
2321391,1,1,1,1,4.857808569391775e-05,0.9999514219143061
2322250,0,0,0,0,0.9973050560895199,0.0026949439104800446
2323131,0,1,0,1,0.00022707909955843597,0.9997729209004416
2324575,0,0,0,0,0.9641060081823261,0.035893991817673956
2325989,1,0,1,0,0.9993662437059548,0.0006337562940451998
2326588,1,1,1,1,0.006893839574486638,0.9931061604255134
2327314,1,1,1,1,6.689316538677215e-05,0.9999331068346132
2327420,0,1,0,1,1.017626582311415e-05,0.9999898237341769
2327488,0,1,0,1,0.0002786037418085474,0.9997213962581915
2329579,0,1,0,1,0.21948510403282184,0.7805148959671782
2330963,1,1,1,1,4.742868127327604e-05,0.9999525713187267
2332167,0,1,0,1,1.3969870993335576e-07,0.9999998603012901
2333764,0,0,0,0,0.9999582025158132,4.179748418678904e-05
2333959,0,1,0,1,0.11734663349698515,0.8826533665030148
2334693,1,1,1,1,6.5383979945821125e-06,0.9999934616020054
2335625,0,0,0,0,0.9989555053079089,0.0010444946920910663
2335725,0,1,0,1,0.02134219718131347,0.9786578028186865
2336135,1,1,1,1,1.07123597695713e-05,0.9999892876402304
2336136,1,1,1,1,0.006569848032984327,0.9934301519670157
2336456,0,1,0,1,0.2837932955642708,0.7162067044357292
2336683,0,0,0,0,0.9998336236075122,0.00016637639248781697
2336910,1,1,1,1,5.647453096169208e-06,0.9999943525469038
2336911,1,1,1,1,3.451448983693428e-05,0.9999654855101631
2336912,1,1,1,1,7.824807900513875e-07,0.99999921751921
2337003,1,1,1,1,0.00019023697552122965,0.9998097630244788
2337016,1,1,1,1,0.2720593260124664,0.7279406739875336
2337017,1,1,1,1,8.472643484913611e-06,0.9999915273565151
2337018,1,1,1,1,0.08129480317360804,0.918705196826392
2337019,1,1,1,1,0.08565724527482788,0.9143427547251721
2337020,1,1,1,1,0.010793856084383657,0.9892061439156163
2337021,1,1,1,1,0.00020379443283158327,0.9997962055671684
2337142,1,1,1,1,2.205030081225967e-05,0.9999779496991877
2337143,1,1,1,1,0.003689609885775491,0.9963103901142245
2337144,1,1,1,1,0.0020346711862164746,0.9979653288137835
2337145,1,1,1,1,0.022701977504615223,0.9772980224953848
2337146,1,1,1,1,0.0006618949067452862,0.9993381050932547
2337247,1,1,1,1,0.0001788134133128283,0.9998211865866872
2337612,1,1,1,1,2.4178294493970576e-05,0.999975821705506
2337709,0,1,0,1,0.0036044588598862504,0.9963955411401137
2339289,1,0,1,0,0.9988025463740617,0.0011974536259383153
2339702,1,0,1,0,0.8086155698492051,0.19138443015079487
2340576,1,1,1,1,6.606045074186717e-06,0.9999933939549258
2342574,1,1,1,1,0.012922758472404539,0.9870772415275955
2342624,1,1,1,1,2.7056932150326674e-07,0.9999997294306785
2342625,1,1,1,1,3.3969071999706557e-10,0.9999999996603093
2342626,1,1,1,1,1.464063007250438e-05,0.9999853593699275
2342627,1,1,1,1,1.1524500461712606e-06,0.9999988475499538
2342766,1,1,1,1,4.811749534372467e-06,0.9999951882504656
2344789,1,1,1,1,0.00035817428313256183,0.9996418257168674
2344790,1,1,1,1,1.4838684531115476e-06,0.9999985161315469
2344791,1,1,1,1,1.155948546660568e-06,0.9999988440514533
2344792,1,1,1,1,0.0009557596813150049,0.999044240318685
2344793,1,1,1,1,2.3030902629450622e-07,0.9999997696909737
2344794,1,1,1,1,1.3431312634315518e-05,0.9999865686873657
2344795,1,1,1,1,3.6701601408561935e-05,0.9999632983985914
2344854,0,1,0,1,0.024369588162772682,0.9756304118372273
2344942,1,1,1,1,5.829979532057106e-05,0.9999417002046794
2344947,0,0,0,0,0.9278865988105645,0.07211340118943554
2344960,0,0,0,0,0.9999957197223812,4.280277618806567e-06
2345042,1,1,1,1,0.47405865959303617,0.5259413404069638
2345094,1,0,1,0,0.9998877253915112,0.0001122746084888282
2345114,1,1,1,1,0.037741774105322645,0.9622582258946774
2345129,1,1,1,1,0.04072032638131362,0.9592796736186864
2345187,1,1,1,1,4.949738824255867e-06,0.9999950502611757
2345204,0,0,0,0,0.9690770598661046,0.030922940133895398
2345377,0,1,0,1,2.4336859419049617e-05,0.999975663140581
2345378,1,1,1,1,0.012587200121465747,0.9874127998785343
2345607,0,0,0,0,0.9781237793633984,0.021876220636601534
2346653,1,1,1,1,4.210325049713859e-07,0.999999578967495
2346868,0,1,0,1,3.6307004613878036e-07,0.9999996369299539
2347820,1,1,1,1,1.3262798979063462e-06,0.9999986737201021
2347821,1,1,1,1,2.3905810664359706e-10,0.9999999997609419
2348080,0,1,0,1,0.2017880573189671,0.7982119426810329
2348081,0,1,0,1,0.006396209090097971,0.993603790909902
2348082,0,1,0,1,0.009060109460825805,0.9909398905391742
2348835,1,1,1,1,0.00039631882733426327,0.9996036811726657
2349657,0,0,0,0,0.9999932063784451,6.793621554830882e-06
2349722,0,0,0,0,0.9999993400234527,6.599765472840287e-07
2350382,1,1,1,1,1.7880001923487043e-09,0.9999999982119998
2350410,1,1,1,1,5.241060252458851e-09,0.9999999947589397
2400347,0,1,0,1,0.00033630544679663643,0.9996636945532034
2400411,0,0,0,0,0.8830052231607642,0.11699477683923573
2400428,1,1,1,1,0.00014008373005081065,0.9998599162699492
2400478,1,0,1,0,0.9851512654091289,0.014848734590871146
2400767,0,1,0,1,0.004669790332825441,0.9953302096671746
2400781,0,1,0,1,0.00010547058106180618,0.9998945294189382
2400782,0,1,0,1,0.00013710110102926887,0.9998628988989707
2400783,0,1,0,1,0.01317076872166878,0.9868292312783312
2400784,0,1,0,1,5.777289986275136e-05,0.9999422271001372
2400805,1,1,1,1,6.670735990232934e-05,0.9999332926400977
2403932,1,1,1,1,0.3595571510698089,0.6404428489301911
2403963,1,1,1,1,9.995015837205301e-08,0.9999999000498416
2404263,1,1,1,1,0.13494579921727778,0.8650542007827222
2404264,1,1,1,1,0.010094260257107912,0.9899057397428921
2404553,1,1,1,1,2.394682911477375e-05,0.9999760531708852
2404797,1,1,1,1,0.0005568138776906872,0.9994431861223093
2404929,1,1,1,1,9.195945679052464e-06,0.999990804054321
2405120,0,1,0,1,4.838960443542817e-05,0.9999516103955646
2405224,1,1,1,1,8.586999158399777e-06,0.9999914130008416
2405225,1,1,1,1,2.8767297557519278e-05,0.9999712327024425
2405230,1,1,1,1,4.451741197897263e-10,0.9999999995548259
2405431,0,1,0,1,0.013360753801320735,0.9866392461986793
2405487,0,1,0,1,0.005733854286102624,0.9942661457138974
2405747,0,1,0,1,0.0005396964451084285,0.9994603035548916
2405785,1,1,1,1,5.577193074035591e-07,0.9999994422806926
2405786,1,1,1,1,2.734572568385829e-09,0.9999999972654274
2406660,0,1,0,1,0.49408860649937236,0.5059113935006276
2406960,1,0,1,0,0.5143838836341608,0.48561611636583923
2407013,1,1,1,1,2.257092512891745e-09,0.9999999977429075
2407014,1,1,1,1,8.280342640332172e-06,0.9999917196573597
2407134,1,0,1,0,0.9579926984398961,0.04200730156010387
2407135,1,1,1,1,0.22955752795423634,0.7704424720457637
2407294,1,1,1,1,0.02295937361271727,0.9770406263872827
2408969,1,1,1,1,9.931442335187057e-10,0.9999999990068558
2409848,1,1,1,1,0.00015743725687833443,0.9998425627431217
2409905,0,1,0,1,0.4961862058613954,0.5038137941386046
2411129,0,1,0,1,3.7768355434786294e-05,0.9999622316445652
2411326,1,1,1,1,0.47362430949911294,0.5263756905008871
2411524,1,1,1,1,3.3957748002411137e-07,0.99999966042252
2411535,0,0,0,0,0.9831370792930931,0.016862920706906877
2411594,1,1,1,1,0.0002302249379841914,0.9997697750620158
2411595,1,1,1,1,0.00047214867670719585,0.9995278513232928
2411711,0,1,0,1,5.752596276997757e-05,0.99994247403723
2411805,1,0,1,0,0.8112551510585029,0.18874484894149715
2411987,1,1,1,1,4.6653886442982184e-07,0.9999995334611356
2411988,1,1,1,1,5.9268272218360174e-05,0.9999407317277816
2413063,1,0,1,0,0.9963769616263615,0.003623038373638521
2413103,1,0,1,0,0.6245484561283147,0.37545154387168533
2413231,0,1,0,1,1.0391637583428981e-05,0.9999896083624166
2413239,1,1,1,1,0.01172027618429039,0.9882797238157096
2413410,1,1,1,1,4.182583972023313e-05,0.9999581741602798
2414169,1,1,1,1,0.05909835294788812,0.9409016470521119
2414170,1,1,1,1,5.3787538451421923e-05,0.9999462124615486
2415028,1,0,1,0,0.9685188287677503,0.03148117123224966
2415197,1,1,1,1,1.2851522088741518e-06,0.9999987148477911
2415686,0,0,0,0,0.9810386453815573,0.018961354618442762
2415796,1,1,1,1,0.002240568003889276,0.9977594319961107
2415797,1,1,1,1,0.0057730102183274346,0.9942269897816726
2415869,1,1,1,1,0.22456376846453197,0.775436231535468
2415965,1,1,1,1,2.7088170144740076e-06,0.9999972911829855
2415989,0,1,0,1,0.02910340812023715,0.9708965918797628
2416024,0,1,0,1,0.00043405043089583817,0.9995659495691042
2416621,1,1,1,1,0.4543031841971332,0.5456968158028668
2416804,0,1,0,1,0.4938848790496836,0.5061151209503164
2417138,1,1,1,1,0.021454447098017804,0.9785455529019822
2417139,1,0,1,0,0.63225722100439,0.3677427789956101
2417140,1,0,1,0,0.8749330574448375,0.1250669425551625
2417149,0,0,0,0,0.9910740747483654,0.008925925251634579
2417150,0,0,0,0,0.998198366957535,0.0018016330424649686
2417239,1,1,1,1,0.024501294598214485,0.9754987054017855
2417240,1,1,1,1,0.001112313843141255,0.9988876861568587
2417252,0,0,0,0,0.9540168525362089,0.04598314746379112
2417374,0,1,0,1,0.003068432847881608,0.9969315671521184
2417423,1,0,1,0,0.8771113815131032,0.12288861848689678
2418374,1,1,1,1,2.6145738646232708e-05,0.9999738542613538
2418638,0,0,0,0,0.9190342451188762,0.08096575488112379
2418639,0,0,0,0,0.9675437100577113,0.03245628994228861
2418640,0,0,0,0,0.9880807761355564,0.011919223864443508
2418715,1,0,1,0,0.8725456347400311,0.12745436525996892
2419116,0,1,0,1,0.011066418718651438,0.9889335812813486
2419117,0,0,0,0,0.9909597775156052,0.009040222484394811
2419118,0,1,0,1,0.0408037017222137,0.9591962982777863
2420944,1,0,1,0,0.9998111397769649,0.00018886022303510216
2421240,1,1,1,1,0.0002311027028382151,0.9997688972971618
2421241,1,1,1,1,9.45249035444462e-05,0.9999054750964556
2421279,1,1,1,1,0.02302116674931165,0.9769788332506883
2421280,1,1,1,1,0.01516922691962519,0.9848307730803748
2421846,1,1,1,1,3.430354000855118e-09,0.999999996569646
2422009,1,1,1,1,0.03589084453540925,0.9641091554645908
2422010,1,1,1,1,0.01079236760526292,0.9892076323947371
2422287,0,1,0,1,6.747559037068029e-07,0.9999993252440963
2422319,0,1,0,1,0.0001319307086417032,0.9998680692913583
2422544,1,1,1,1,4.192021391236089e-06,0.9999958079786088
2423026,1,1,1,1,3.25262579157215e-05,0.9999674737420843
2424244,1,1,1,1,0.002469034251867397,0.9975309657481326
2424324,1,1,1,1,0.02470714885670322,0.9752928511432968
2424492,0,1,0,1,0.013399984149277344,0.9866000158507227
2424522,1,1,1,1,0.0008581787420804954,0.9991418212579195
2424692,0,1,0,1,0.2015140534088944,0.7984859465911056
2424742,1,1,1,1,0.27004135438533383,0.7299586456146662
2424868,1,1,1,1,0.005290994806412486,0.9947090051935875
2424952,1,1,1,1,0.0002302186106106774,0.9997697813893893
2424953,1,0,1,0,0.5205336602302071,0.47946633976979286
2424988,1,1,1,1,0.0008931226543011928,0.9991068773456988
2425114,1,1,1,1,0.0016892517902465931,0.9983107482097534
2429274,0,1,0,1,0.0025345851611329184,0.9974654148388671
2429533,0,1,0,1,2.562350643919853e-05,0.9999743764935608
2429605,1,1,1,1,0.28506938758365064,0.7149306124163494
2429624,0,1,0,1,1.8699240514896687e-06,0.9999981300759485
2429832,0,0,0,0,0.9999632678997524,3.673210024754828e-05
2430255,0,1,0,1,0.001730923172242993,0.998269076827757
2430257,0,1,0,1,0.006016551647398005,0.993983448352602
2430258,0,1,0,1,6.691974597361483e-05,0.9999330802540264
2430463,0,1,0,1,0.0003076289407486499,0.9996923710592514
2430541,1,1,1,1,0.03354850802479148,0.9664514919752085
2430739,0,1,0,1,0.023868341736794974,0.976131658263205
2434875,0,0,0,0,0.9999385126460669,6.148735393307553e-05
2435473,0,0,0,0,0.9999999998637822,1.3621781701910327e-10
2439211,1,0,1,0,0.9996755037147826,0.0003244962852173984
2441096,0,1,0,1,0.249868330851434,0.750131669148566
2447200,1,1,1,1,0.003363723791888429,0.9966362762081116
2448306,1,1,1,1,0.014043438876134129,0.9859565611238659
2448307,1,1,1,1,0.00118055444011389,0.9988194455598861
2448308,1,1,1,1,0.0004101579337792982,0.9995898420662207
2448327,0,1,0,1,0.003581901901006157,0.9964180980989938
2448374,1,1,1,1,0.0025816393839837026,0.9974183606160163
2449885,1,0,1,0,0.8116975073217524,0.18830249267824758
2450045,1,1,1,1,0.008830039655311261,0.9911699603446887
2450400,1,0,1,0,0.6045159697108802,0.39548403028911977
2452030,1,1,1,1,0.000344753893884997,0.999655246106115
2500229,1,1,1,1,0.005236131820642087,0.9947638681793579
2500289,1,1,1,1,0.00012119766696350176,0.9998788023330365
2500508,0,1,0,1,2.0852120259373663e-06,0.9999979147879741
2500509,0,1,0,1,0.020832958517879474,0.9791670414821205
2500654,0,0,0,0,0.7026642969350998,0.29733570306490015
2500655,0,1,0,1,0.0004325897343241403,0.9995674102656759
2500848,1,1,1,1,0.461255591284063,0.538744408715937
2500849,1,0,1,0,0.7912912104268133,0.20870878957318667
2506427,1,1,1,1,0.00025150609788793243,0.9997484939021121
2506911,1,1,1,1,1.5415183760691953e-05,0.9999845848162393
2506912,1,1,1,1,3.728886223131056e-06,0.9999962711137769
2507129,0,0,0,0,0.9426203123504885,0.057379687649511464
2508523,1,1,1,1,8.268255857757367e-08,0.9999999173174414
2508612,0,0,0,0,0.9999729546043978,2.7045395602149485e-05
2508771,1,0,1,0,0.9958842081479511,0.004115791852048947
2508834,1,0,1,0,0.9866313104064115,0.013368689593588447
2508835,1,0,1,0,0.5924199919641637,0.40758000803583627
2508970,1,1,1,1,0.0031462496056567923,0.9968537503943432
2508971,1,1,1,1,0.0025403270224658714,0.9974596729775341
2509043,1,1,1,1,0.01960139869430344,0.9803986013056966
2509044,1,1,1,1,0.030604257692049996,0.96939574230795
2509474,1,1,1,1,0.0016660965354138302,0.9983339034645862
2510147,1,1,1,1,2.1481683099011661e-10,0.9999999997851832
2510214,0,0,0,0,0.9999670684836264,3.293151637367427e-05
2513981,1,1,1,1,0.0001262993092829845,0.999873700690717
2514338,1,1,1,1,3.0955430109891324e-05,0.9999690445698901
2514349,1,1,1,1,8.70824586124419e-05,0.9999129175413876
2514491,0,1,0,1,4.646626411608512e-05,0.9999535337358839
2515040,1,1,1,1,0.00010683883454387644,0.9998931611654561
2515088,1,1,1,1,0.40757871561938275,0.5924212843806173
2515127,1,0,1,0,0.6186583585043854,0.3813416414956146
2515148,1,1,1,1,1.0548054394377004e-06,0.9999989451945606
2515191,0,0,0,0,0.9999999859757656,1.4024234419190793e-08
2515226,1,1,1,1,0.30341249138218174,0.6965875086178183
2515308,0,1,0,1,0.1651174142828712,0.8348825857171288
2516391,1,0,1,0,0.9992050458889302,0.0007949541110698319
2516409,1,1,1,1,8.693953890137607e-09,0.9999999913060461
2516863,1,1,1,1,0.0001609496170947855,0.9998390503829052
2517189,1,1,1,1,9.836953750053112e-05,0.9999016304624995
2517316,1,1,1,1,0.017185971851105264,0.9828140281488947
2517445,0,1,0,1,0.0711543369829214,0.9288456630170786
2518485,0,1,0,1,0.011209677892894732,0.9887903221071053
2518486,0,1,0,1,0.0025218953106055375,0.9974781046893945
2518487,0,1,0,1,0.10900313460856959,0.8909968653914304
2518685,0,1,0,1,0.00014621162493244633,0.9998537883750676
2518693,1,0,1,0,0.6902843375295031,0.30971566247049687
2518732,0,0,0,0,0.999919352801066,8.064719893394342e-05
2518733,0,0,0,0,0.9999921887652259,7.811234774135729e-06
2518804,1,1,1,1,0.00018023224318131081,0.9998197677568187
2518892,1,1,1,1,0.24964386942387962,0.7503561305761204
2518893,1,1,1,1,0.04008970849996818,0.9599102915000318
2519136,1,1,1,1,0.3958690769880675,0.6041309230119325
2520318,1,1,1,1,1.720061549081997e-06,0.9999982799384509
2524227,1,0,1,0,0.6879709643586271,0.3120290356413729
2524228,1,1,1,1,0.48612119011732147,0.5138788098826785
2524359,1,1,1,1,0.012645652887825931,0.9873543471121741
2525692,0,0,0,0,0.9779601563164876,0.02203984368351238
2526720,0,1,0,1,0.06198339705820122,0.9380166029417988
2526755,1,1,1,1,0.00011700557717309046,0.9998829944228269
2526759,1,1,1,1,0.00431062465981813,0.9956893753401819
2526905,0,0,0,0,0.8706227959025095,0.1293772040974906
2527473,1,0,1,0,0.9689039027771857,0.031096097222814287
2527743,0,1,0,1,0.2183565939003962,0.7816434060996038
2530060,1,1,1,1,0.030326003981416494,0.9696739960185835
2530299,1,1,1,1,1.9827494823765335e-07,0.9999998017250518
2530457,1,1,1,1,2.0734279725376226e-06,0.9999979265720275
2530458,1,1,1,1,0.0011197178766019222,0.9988802821233981
2533639,1,0,1,0,0.9966988595699301,0.003301140430069872
2533640,1,0,1,0,0.9431710455795642,0.05682895442043583
2534091,1,1,1,1,0.0016923073766560437,0.998307692623344
2534873,1,0,1,0,0.7531079952370424,0.24689200476295758
2541364,1,0,1,0,0.9999962666846354,3.7333153646486825e-06
2545312,1,1,1,1,0.0002803732411071902,0.9997196267588928
2603026,1,1,1,1,0.005025528751448571,0.9949744712485514
