node_idx,award_id,award_id_key,node_source,start_year,is_benchmark,benchmark_id,annotation_id,project_cluster_id,NSFDirectorate,NSFOrganization,AwardInstrument,ProgramElementCode(s),institution_id,organization_clean,person_id,target_integration_binary,target_design_binary,target_mmr_binary,target_mmr_multiclass,target_qual_binary,target_quant_binary,target_method_signal_binary,target_integration_binary__encoded,target_design_binary__encoded,target_mmr_binary__encoded,target_mmr_multiclass__encoded,target_qual_binary__encoded,target_quant_binary__encoded,target_method_signal_binary__encoded,split_random_cluster_stratified,split_temporal_cluster_safe,split_cross_program_cluster_safe,split_cold_start_pi_cluster_safe,split_cold_start_institution_cluster_safe,split_edu_to_eng_cluster_safe,y_true_encoded,y_pred_encoded,score
192,0053303,53303,cleaned_awards,2000,1,methodkg_v3_00009,ann_01226,projtxt_94ea52da489e008b,EDU,DUE,Standard Grant,741200,inst_0d71731a33b5,Northwest Indian College,person_9e771a599104,0.0,1.0,0,quant_only,0.0,1.0,1,0,1,0,5,0,1,1,train,train,test,train,train,train,0,0,0.088817745
199,0071047,71047,cleaned_awards,2000,1,methodkg_v3_00010,ann_02183,projtxt_b5c7fd3674050344,EDU,DUE,Continuing Grant,741200,inst_6eea92cbaf9f,Daytona State College,person_78475ce6a41a,0.0,0.0,0,no_method_signal,0.0,0.0,0,0,0,0,3,0,0,0,train,train,test,train,train,train,0,0,0.088324144
665,9980597,9980597,cleaned_awards,2000,1,methodkg_v3_02490,ann_02468,projtxt_2183f9f9ce19dc8f,EDU,DRL,Continuing Grant,,inst_a602b9b86fa7,Virginia Polytechnic Institute and State University,person_a283e17e496e,0.0,1.0,0,quant_only,0.0,1.0,1,0,1,0,5,0,1,1,test,train,test,train,train,train,0,0,0.30833715
668,9980628,9980628,cleaned_awards,2000,1,methodkg_v3_02491,ann_00451,projtxt_39745018331b7d4a,EDU,DRL,Continuing Grant,,inst_f28353b444e4,Vanderbilt University,person_96d35ff57bad,0.0,1.0,0,quant_only,0.0,1.0,1,0,1,0,5,0,1,1,train,train,test,validation,train,train,0,0,0.2164902
948,0086345,86345,cleaned_awards,2001,1,methodkg_v3_00015,ann_00664,projtxt_acff2a171a9ead3f,EDU,EES,Standard Grant,154400,inst_251fc570694e,Rochester Institute of Tech,person_90d2ae682f0d,0.0,0.0,0,no_method_signal,0.0,0.0,0,0,0,0,3,0,0,0,validation,train,test,train,train,train,0,0,0.22800328
966,0086440,86440,cleaned_awards,2001,1,methodkg_v3_00016,ann_01244,projtxt_41c1a81d2c7c8141,EDU,EES,Standard Grant,154400,inst_9498cfe59790,Washington State University,person_829d9a9ce225,0.0,1.0,0,multi_method_not_mmr,0.0,0.0,1,0,1,0,2,0,0,1,train,train,test,train,train,train,0,0,0.15554371
1513,0101582,101582,cleaned_awards,2001,1,methodkg_v3_00043,ann_00547,projtxt_eaff828d8b717644,EDU,DUE,Continuing Grant,741200,inst_c7b7e1f150c3,Shoreline Community College,person_fb96d20ff4be,0.0,0.0,0,no_method_signal,0.0,0.0,0,0,0,0,3,0,0,0,train,train,test,train,train,train,0,0,0.078641444
1522,0101627,101627,cleaned_awards,2001,1,methodkg_v3_00044,ann_00608,projtxt_558e4c9492c0d1fd,EDU,DUE,Standard Grant,741200,inst_e62461929335,College of the Mainland,person_d5841f114a6f,0.0,0.0,0,no_method_signal,0.0,0.0,0,0,0,0,3,0,0,0,test,train,test,train,train,train,0,0,0.06340897
1536,0101667,101667,cleaned_awards,2001,1,methodkg_v3_00045,ann_01668,projtxt_87306ed2ad6cf11d,EDU,DUE,Standard Grant,741200,inst_cafea1a78f8e,Eastern Florida State College,person_fb7c5ef7e6bf,0.0,0.0,0,no_method_signal,0.0,0.0,0,0,0,0,3,0,0,0,train,train,test,train,train,train,0,0,0.08863673
1544,0101692,101692,cleaned_awards,2001,1,methodkg_v3_00046,ann_01802,projtxt_df44eb98d2d468a6,EDU,DUE,Continuing Grant,741200,inst_4cbf277252c3,University of New Mexico,person_7dbc7111dcd0,0.0,1.0,0,quant_only,0.0,1.0,1,0,1,0,5,0,1,1,train,train,test,train,test,train,0,0,0.099155374
1545,0101695,101695,cleaned_awards,2001,1,methodkg_v3_00047,ann_01553,projtxt_6297ba6c003c5ae0,EDU,DUE,Standard Grant,741200,inst_72872d3c2357,Los Angeles Trade Technical College,person_923f429cd424,0.0,1.0,0,quant_only,0.0,1.0,1,0,1,0,5,0,1,1,train,train,test,train,test,train,0,0,0.078789
1766,0114859,114859,cleaned_awards,2001,1,methodkg_v3_00060,ann_01698,projtxt_8649dfc6666c5d09,EDU,EES,Continuing Grant,154400,inst_3aec20cd4991,Chicago Academy of Sciences,person_962b43d0ac44,0.0,0.0,0,no_method_signal,0.0,0.0,0,0,0,0,3,0,0,0,train,train,test,train,train,train,0,0,0.18066685
1992,0123659,123659,cleaned_awards,2001,1,methodkg_v3_00071,ann_00794,projtxt_536076454bf6a1e4,EDU,EES,Standard Grant,,inst_83101c1f934e,Arizona State University,person_82159504b03b,0.0,1.0,0,multi_method_not_mmr,0.0,0.0,1,0,1,0,2,0,0,1,train,train,test,train,train,train,0,0,0.13288121
2633,0133246,133246,cleaned_awards,2002,1,methodkg_v3_00092,ann_02032,projtxt_9a7bdef9758e177c,EDU,DRL,Continuing Grant,"744400, 166600",inst_63ef75a85860,Utah State University,person_f43949535000,0.0,1.0,0,qual_only,1.0,0.0,1,0,1,0,4,1,0,1,train,train,test,test,train,train,0,0,0.1999958
2795,0202397,202397,cleaned_awards,2002,1,methodkg_v3_00105,ann_01254,projtxt_c121000e9c4b7c1e,EDU,DUE,Continuing Grant,741200,inst_91fd2c23351a,Nashville State Community College,person_2a84101c01b6,0.0,1.0,0,qual_only,1.0,0.0,1,0,1,0,4,1,0,1,validation,train,test,train,train,train,0,0,0.12553903
3136,0222552,222552,cleaned_awards,2002,1,methodkg_v3_00124,ann_00580,projtxt_9d2dc7e2fbfc2948,EDU,DUE,Standard Grant,742900,inst_fe7537c35a1a,Pacific University,person_d6186d77a14a,1.0,1.0,1,implicit_mmr,1.0,1.0,1,1,1,1,1,1,1,1,validation,train,test,train,train,train,1,0,0.09403601
3207,0226216,226216,cleaned_awards,2002,1,methodkg_v3_00126,ann_00467,projtxt_285766fc9eaebf49,EDU,DUE,Standard Grant,744400,inst_aad6943a71b4,Brown University,person_5613f0cc239b,0.0,1.0,0,multi_method_not_mmr,0.0,0.0,1,0,1,0,2,0,0,1,train,train,test,train,train,train,0,0,0.10169007
3234,0226483,226483,cleaned_awards,2002,1,methodkg_v3_00127,ann_01164,projtxt_20b1b4bb3445a228,EDU,DUE,Standard Grant,744400,inst_74cc8026e7cb,Education Development Center,person_329eef4afbe3,1.0,1.0,1,implicit_mmr,1.0,1.0,1,1,1,1,1,1,1,1,train,train,test,train,train,train,1,0,0.1512546
3342,0231195,231195,cleaned_awards,2002,1,methodkg_v3_00142,ann_02144,projtxt_34ff6801bf0b4cd2,EDU,DUE,Standard Grant,742900,inst_868ebab10a63,"Institute of Electrical & Electronics Engineers, Inc.",person_eccaeefd1f79,0.0,0.0,0,no_method_signal,0.0,0.0,0,0,0,0,3,0,0,0,train,train,test,train,train,train,0,0,0.103243016
3351,0233332,233332,cleaned_awards,2002,1,methodkg_v3_00150,ann_01862,projtxt_56bf9fa383392597,EDU,DUE,Standard Grant,741200,inst_eaa061db8729,University of Massachusetts Boston,person_d97c031c9c35,0.0,0.0,0,no_method_signal,0.0,0.0,0,0,0,0,3,0,0,0,train,train,test,train,train,train,0,0,0.10866752
3473,0303651,303651,cleaned_awards,2002,1,methodkg_v3_00158,ann_02348,projtxt_536076454bf6a1e4,EDU,EES,Standard Grant,,inst_58407da5ce4b,University of California-Santa Barbara,person_82159504b03b,0.0,1.0,0,multi_method_not_mmr,0.0,0.0,1,0,1,0,2,0,0,1,train,train,test,train,train,train,0,0,0.11659996
3927,0302751,302751,cleaned_awards,2003,1,methodkg_v3_00155,ann_02425,projtxt_168513b78e3c598e,EDU,DUE,Standard Grant,741200,inst_cb0ada7177b2,Prince George's Community College,person_c772e5a2247d,0.0,0.0,0,no_method_signal,0.0,0.0,0,0,0,0,3,0,0,0,train,train,test,train,test,train,0,0,0.07427697
3954,0302894,302894,cleaned_awards,2003,1,methodkg_v3_00156,ann_00242,projtxt_b76b45fba70b1e08,EDU,DUE,Continuing Grant,741200,inst_5580b4faa0cc,Foothill-De Anza Community College District,person_7a820a245c64,0.0,1.0,0,multi_method_not_mmr,0.0,0.0,1,0,1,0,2,0,0,1,train,train,test,train,validation,train,0,0,0.13661699
3960,0302913,302913,cleaned_awards,2003,1,methodkg_v3_00157,ann_01135,projtxt_a660a2656a8f6f9b,EDU,DUE,Continuing Grant,741200,inst_bdfe6ad7bbb9,Cabrillo College,person_82efb8b71dad,0.0,0.0,0,no_method_signal,0.0,0.0,0,0,0,0,3,0,0,0,train,train,test,train,train,train,0,0,0.09921885
4413,0331955,331955,cleaned_awards,2003,1,methodkg_v3_00175,ann_01454,projtxt_d61ea06cb573fa91,EDU,DUE,Standard Grant,741200,inst_6eea92cbaf9f,Daytona State College,person_78475ce6a41a,0.0,0.0,0,no_method_signal,0.0,0.0,0,0,0,0,3,0,0,0,train,train,test,train,train,train,0,0,0.17450447
4432,0332765,332765,cleaned_awards,2003,1,methodkg_v3_00176,ann_00229,projtxt_61ce62905a8e7d41,EDU,EES,Standard Grant,154400,inst_0aa32efe7141,WAMC Northeast Public Radio,person_9c6ea88ab619,0.0,0.0,0,no_method_signal,0.0,0.0,0,0,0,0,3,0,0,0,train,train,test,validation,test,train,0,0,0.24491437
4441,0332903,332903,cleaned_awards,2003,1,methodkg_v3_00177,ann_00018,projtxt_6feb330c1a60d5ae,EDU,EES,Continuing Grant,"913100, 154400",inst_44c1460daca9,University of California-Los Angeles,person_3187fa37920a,0.0,1.0,0,quant_only,0.0,1.0,1,0,1,0,5,0,1,1,train,train,test,test,train,train,0,0,0.3164954
4483,0333590,333590,cleaned_awards,2003,1,methodkg_v3_00180,ann_01717,projtxt_09c9aed4aa60875e,EDU,DUE,Standard Grant,744400,inst_edcb51ec0c3b,Eduworks Corporation,person_1d8178a21474,0.0,1.0,0,multi_method_not_mmr,0.0,0.0,1,0,1,0,2,0,0,1,validation,train,test,train,train,train,0,0,0.12276447
4743,0333069,333069,cleaned_awards,2004,1,methodkg_v3_00178,ann_01787,projtxt_78ea7fb5d3772371,EDU,DUE,Standard Grant,744400,inst_e75ad10cdeec,Winston-Salem State University,person_60688f41a47c,0.0,0.0,0,no_method_signal,0.0,0.0,0,0,0,0,3,0,0,0,train,train,test,train,train,train,0,0,0.14202775
5041,0401745,401745,cleaned_awards,2004,1,methodkg_v3_00208,ann_02230,projtxt_3ece500d16022321,EDU,DUE,Standard Grant,741200,inst_9dd15348d003,Cape Cod Community College,person_f044b1f2a109,0.0,0.0,0,no_method_signal,0.0,0.0,0,0,0,0,3,0,0,0,train,train,test,train,train,train,0,0,0.09061608
5062,0402238,402238,cleaned_awards,2004,1,methodkg_v3_00209,ann_00089,projtxt_6796424a147a8e2e,EDU,DUE,Continuing Grant,741200,inst_ace740de0327,Edmonds Community College,person_f9738bf20c25,0.0,1.0,0,multi_method_not_mmr,0.0,0.0,1,0,1,0,2,0,0,1,train,train,test,train,train,train,0,0,0.11411046
5077,0402438,402438,cleaned_awards,2004,1,methodkg_v3_00210,ann_01096,projtxt_0b17099a46f62b88,EDU,DUE,Continuing Grant,741200,inst_c40d2b81f0fa,Stark State College of Technology,person_90b1417d9e91,0.0,0.0,0,no_method_signal,0.0,0.0,0,0,0,0,3,0,0,0,test,train,test,train,train,train,0,0,0.09166503
5080,0402477,402477,cleaned_awards,2004,1,methodkg_v3_00211,ann_01256,projtxt_fd69e4efece58735,EDU,DUE,Standard Grant,"741200, 915000",inst_d134638a959c,San Juan College,person_f66a6df7d9fd,0.0,1.0,0,quant_only,0.0,1.0,1,0,1,0,5,0,1,1,train,train,test,train,train,train,0,0,0.23976958
5096,0402635,402635,cleaned_awards,2004,1,methodkg_v3_00212,ann_02449,projtxt_14a1594194513e37,EDU,DUE,Continuing Grant,741200,inst_8de79dca6940,CUNY Borough of Manhattan Community College,person_6e1ce6f4e03a,0.0,0.0,0,no_method_signal,0.0,0.0,0,0,0,0,3,0,0,0,train,train,test,train,train,train,0,0,0.14116111
5554,0429109,429109,cleaned_awards,2004,1,methodkg_v3_00241,ann_01901,projtxt_de2ef036ef4ab5dd,EDU,EES,Continuing Grant,154400,inst_b5129f608f81,"Teachers College, Columbia University",person_e1561c8f54f4,1.0,1.0,1,explicit_mmr,1.0,1.0,1,1,1,1,0,1,1,1,train,train,test,train,train,train,1,1,0.66746455
5659,0435464,435464,cleaned_awards,2004,1,methodkg_v3_00248,ann_02016,projtxt_094ebbf025512167,EDU,DUE,Standard Grant,744400,inst_e1681b170f90,McLean Media,person_4c1107839503,0.0,1.0,0,multi_method_not_mmr,0.0,0.0,1,0,1,0,2,0,0,1,train,train,test,test,test,train,0,0,0.10961338
5753,0442849,442849,cleaned_awards,2004,1,methodkg_v3_00266,ann_00073,projtxt_ddf10b7ffd33076b,EDU,DUE,Standard Grant,741200,inst_625a22688526,Kentucky Community & Technical College System,person_ba1f98cb68a5,0.0,0.0,0,no_method_signal,0.0,0.0,0,0,0,0,3,0,0,0,train,train,test,train,train,train,0,0,0.07203063
6152,0501234,501234,cleaned_awards,2005,1,methodkg_v3_00285,ann_02407,projtxt_689f0847596f7d17,EDU,DUE,Standard Grant,741200,inst_6eea92cbaf9f,Daytona State College,person_7f954cced66b,0.0,1.0,0,quant_only,0.0,1.0,1,0,1,0,5,0,1,1,train,train,test,validation,train,train,0,0,0.12313703
6155,0501328,501328,cleaned_awards,2005,1,methodkg_v3_00286,ann_02298,projtxt_d13c833ce8a62d44,EDU,DUE,Continuing Grant,"741200, 915000",inst_b701159fa2f4,Gadsden State Community College,person_836112e0d1aa,0.0,1.0,0,quant_only,0.0,1.0,1,0,1,0,5,0,1,1,train,train,test,train,train,train,0,0,0.09690834
6157,0501412,501412,cleaned_awards,2005,1,methodkg_v3_00287,ann_00085,projtxt_d0741910891e8320,EDU,DUE,Standard Grant,741200,inst_a67c3e6980c4,Fox Valley Technical College,person_1a2f4153e60a,0.0,1.0,0,multi_method_not_mmr,0.0,0.0,1,0,1,0,2,0,0,1,train,train,test,train,train,train,0,0,0.09717967
6169,0501698,501698,cleaned_awards,2005,1,methodkg_v3_00288,ann_00405,projtxt_e46d46f661aae4de,EDU,DUE,Continuing Grant,741200,inst_0fc63133fc2b,Piedmont Technical College,person_aa5b67ecf62d,0.0,1.0,0,quant_only,0.0,1.0,1,0,1,0,5,0,1,1,validation,train,test,train,train,train,0,0,0.114267625
6178,0501764,501764,cleaned_awards,2005,1,methodkg_v3_00289,ann_00519,projtxt_15d991aacf5634c0,EDU,DUE,Standard Grant,741200,inst_dc3cde1182f9,Madison Area Technical College,person_c32457d4580d,0.0,0.0,0,no_method_signal,0.0,0.0,0,0,0,0,3,0,0,0,train,train,test,train,validation,train,0,0,0.13034509
6199,0501989,501989,cleaned_awards,2005,1,methodkg_v3_00290,ann_00607,projtxt_dd54db90812e902e,EDU,DUE,Standard Grant,741200,inst_5580b4faa0cc,Foothill-De Anza Community College District,person_08a96c82aa86,0.0,0.0,0,no_method_signal,0.0,0.0,0,0,0,0,3,0,0,0,train,train,test,train,validation,train,0,0,0.09347937
6429,0522400,522400,cleaned_awards,2005,1,methodkg_v3_00305,ann_00648,projtxt_efbc00ff4c4398dc,EDU,EES,Continuing Grant,154400,inst_b6aeab558883,Southern Illinois University at Edwardsville,person_ddf47810fc92,1.0,1.0,1,explicit_mmr,1.0,1.0,1,1,1,1,0,1,1,1,validation,train,test,train,train,train,1,1,0.6033965
6431,0522491,522491,cleaned_awards,2005,1,methodkg_v3_00306,ann_01220,projtxt_766c3a0a3871f943,EDU,EES,Continuing Grant,154400,inst_e2301db8201a,Boston College,person_3bf17898ab14,0.0,1.0,0,quant_only,0.0,1.0,1,0,1,0,5,0,1,1,train,train,test,train,train,train,0,1,0.6219892
6601,0532652,532652,cleaned_awards,2005,1,methodkg_v3_00318,ann_00004,projtxt_d0bdb4b3f07a0b0a,EDU,DUE,Continuing Grant,741200,inst_e62461929335,College of the Mainland,person_d5841f114a6f,0.0,0.0,0,no_method_signal,0.0,0.0,0,0,0,0,3,0,0,0,train,train,test,train,train,train,0,0,0.09796059
6650,0533558,533558,cleaned_awards,2005,1,methodkg_v3_00320,ann_00160,projtxt_98e76fe0567f69aa,EDU,EES,Continuing Grant,154400,inst_d2b442f8f9c5,University of Wisconsin-Madison,person_01800602bfd8,0.0,1.0,0,multi_method_not_mmr,0.0,0.0,1,0,1,0,2,0,0,1,train,train,test,train,train,train,0,1,0.5528419
6651,0533565,533565,cleaned_awards,2005,1,methodkg_v3_00321,ann_01031,projtxt_98e76fe0567f69aa,EDU,EES,Continuing Grant,154400,inst_6a07d6410cb6,University of Virginia Main Campus,person_9025734499ca,0.0,1.0,0,multi_method_not_mmr,0.0,0.0,1,0,1,0,2,0,0,1,train,train,test,train,train,train,0,1,0.50722283
6706,0542132,542132,cleaned_awards,2005,1,methodkg_v3_00335,ann_02180,projtxt_a4587776004f3278,EDU,EES,Standard Grant,154400,inst_bbd0f175293f,Montana State University,person_6f9a41acf927,1.0,1.0,1,implicit_mmr,1.0,1.0,1,1,1,1,1,1,1,1,test,train,test,train,train,train,1,0,0.35575795
7151,0603379,603379,cleaned_awards,2006,1,methodkg_v3_00343,ann_02321,projtxt_5800ad95faea17e3,EDU,DUE,Continuing Grant,741200,inst_8b64da0918ed,Maricopa County Community College District,person_50ff3dac45ed,0.0,0.0,0,no_method_signal,0.0,0.0,0,0,0,0,3,0,0,0,train,train,test,train,train,train,0,0,0.10447992
7158,0603410,603410,cleaned_awards,2006,1,methodkg_v3_00345,ann_00239,projtxt_ee77e4c28290a433,EDU,DUE,Standard Grant,741200,inst_9449cea011d2,University of Hawaii,person_5dcacbc40df4,0.0,1.0,0,multi_method_not_mmr,0.0,0.0,1,0,1,0,2,0,0,1,train,train,test,test,train,train,0,0,0.2353449
7194,0609334,609334,cleaned_awards,2006,1,methodkg_v3_00348,ann_00954,projtxt_588981702200d53c,ENG,EEC,Continuing Grant,,inst_ddb414163fdf,New Jersey Institute of Technology,person_c99bf8ff4779,0.0,1.0,0,multi_method_not_mmr,0.0,0.0,1,0,1,0,2,0,0,1,test,train,test,train,train,test,0,0,0.05661156
7350,0624507,624507,cleaned_awards,2006,1,methodkg_v3_00364,ann_01557,projtxt_095345c5b1c9a7bd,EDU,EES,Continuing Grant,154400,inst_85a1ca0d3611,Wellesley College,person_13b7c050406e,1.0,1.0,1,explicit_mmr,1.0,1.0,1,1,1,1,0,1,1,1,train,train,test,train,train,train,1,1,0.696427
7351,0624537,624537,cleaned_awards,2006,1,methodkg_v3_00365,ann_00172,projtxt_e8ec1d1fd01f187c,EDU,EES,Standard Grant,154400,inst_b416a3f933ef,University of Colorado at Boulder,person_92876b10bf7b,1.0,1.0,1,implicit_mmr,1.0,1.0,1,1,1,1,1,1,1,1,train,train,test,train,train,train,1,1,0.6219089
7359,0624584,624584,cleaned_awards,2006,1,methodkg_v3_00367,ann_00213,projtxt_796c7e36a4340236,EDU,EES,Continuing Grant,154400,inst_034f39b50631,North Carolina State University,person_abb99ce0b78b,0.0,1.0,0,multi_method_not_mmr,0.0,0.0,1,0,1,0,2,0,0,1,train,train,test,train,train,train,0,1,0.6378606
7362,0624606,624606,cleaned_awards,2006,1,methodkg_v3_00368,ann_01317,projtxt_16f62bec06acfb12,EDU,EES,Continuing Grant,154400,inst_58407da5ce4b,University of California-Santa Barbara,person_0ebe9a56130b,1.0,1.0,1,explicit_mmr,1.0,1.0,1,1,1,1,0,1,1,1,train,train,test,validation,train,train,1,1,0.6365056
7370,0624689,624689,cleaned_awards,2006,1,methodkg_v3_00369,ann_00633,projtxt_e8ec1d1fd01f187c,EDU,EES,Standard Grant,154400,inst_733a346578b8,Iowa State University,person_016a19c285f5,1.0,1.0,1,implicit_mmr,1.0,1.0,1,1,1,1,1,1,1,1,train,train,test,train,train,train,1,1,0.69450676
7756,0652559,652559,cleaned_awards,2006,1,methodkg_v3_00399,ann_02409,projtxt_de2ef036ef4ab5dd,EDU,EES,Continuing Grant,154400,inst_43c4124caf4b,Michigan State University,person_e1561c8f54f4,1.0,1.0,1,explicit_mmr,1.0,1.0,1,1,1,1,0,1,1,1,train,train,test,train,train,train,1,1,0.5988892
7892,0632194,632194,cleaned_awards,2007,1,methodkg_v3_00376,ann_00723,projtxt_38544339da53f455,EDU,DRL,Standard Grant,"513000, 528000, 725900, 729800",inst_647c7145392b,"Soundprint Media Center, Inc.",person_8decb8c77311,0.0,1.0,0,qual_only,1.0,0.0,1,0,1,0,4,1,0,1,validation,train,test,train,validation,train,0,0,0.051651
8290,0702912,702912,cleaned_awards,2007,1,methodkg_v3_00402,ann_00842,projtxt_29ca8db664984a6e,EDU,DUE,Continuing Grant,"741200, 153600",inst_fa349ad7ce44,Saddleback College,person_416b85ef0226,0.0,1.0,0,qual_only,1.0,0.0,1,0,1,0,4,1,0,1,train,train,test,train,train,train,0,0,0.08670589
8307,0703045,703045,cleaned_awards,2007,1,methodkg_v3_00403,ann_00654,projtxt_e4b23eb2a5ae9bbc,EDU,DUE,Standard Grant,741200,inst_63a1e5587559,Sinclair Community College,person_cac752b83dae,0.0,0.0,0,no_method_signal,0.0,0.0,0,0,0,0,3,0,0,0,test,train,test,train,validation,train,0,0,0.08971851
8356,0711138,711138,cleaned_awards,2007,1,methodkg_v3_00408,ann_00571,projtxt_53c24d57fbfb59b9,EDU,DRL,Standard Grant,764600,inst_dd5d3b606065,University of Rochester,person_cadec3084b44,0.0,0.0,0,no_method_signal,0.0,0.0,0,0,0,0,3,0,0,0,validation,train,test,test,train,train,0,0,0.19626163
8666,0732793,732793,cleaned_awards,2007,1,methodkg_v3_00440,ann_00295,projtxt_db72dfb3fd84f0ab,EDU,DRL,Continuing Grant,"513000, 520800, 764500",inst_24ab5be90893,"The U.S. Satellite Laboratory, Inc.",person_0ac786a1a5da,0.0,0.0,0,no_method_signal,0.0,0.0,0,0,0,0,3,0,0,0,test,train,test,test,validation,train,0,0,0.12782247
8669,0732879,732879,cleaned_awards,2007,1,methodkg_v3_00441,ann_01916,projtxt_e083bf37c861c517,EDU,DRL,Continuing Grant,"513000, 725900",inst_e540e25dcb04,Geoff Haines-Stiles Productions,person_71e2598e094a,0.0,0.0,0,no_method_signal,0.0,0.0,0,0,0,0,3,0,0,0,validation,train,test,test,validation,train,0,0,0.07280469
8748,0733976,733976,cleaned_awards,2007,1,methodkg_v3_00447,ann_01847,projtxt_35ce3c446597f629,EDU,EES,Standard Grant,154400,inst_20147190a8e1,SUNY at Buffalo,person_6272dd9da07f,1.0,1.0,1,implicit_mmr,1.0,1.0,1,1,1,1,1,1,1,1,train,train,test,test,train,train,1,1,0.51530576
8760,0734060,734060,cleaned_awards,2007,1,methodkg_v3_00449,ann_01474,projtxt_2807fb7d237b1c40,EDU,EES,Continuing Grant,154400,inst_50f487851e85,University of Massachusetts Amherst,person_61afdbb2f773,0.0,1.0,0,quant_only,0.0,1.0,1,0,1,0,5,0,1,1,train,train,test,train,train,train,0,1,0.50076467
8847,0738221,738221,cleaned_awards,2007,1,methodkg_v3_00466,ann_01797,projtxt_f4ab7b78b6aec6c4,EDU,EES,Standard Grant,"154400, 726100",inst_eb8281a69268,Cosmos Corporation,person_05e32edd5132,1.0,1.0,1,explicit_mmr,1.0,1.0,1,1,1,1,0,1,1,1,train,train,test,train,train,train,1,0,0.37797284
8951,0804570,804570,cleaned_awards,2007,1,methodkg_v3_00483,ann_02154,projtxt_f4ab7b78b6aec6c4,EDU,EES,Standard Grant,"154400, 726100",inst_68ec88948b4d,Academy for Educational Development,person_05e32edd5132,1.0,1.0,1,explicit_mmr,1.0,1.0,1,1,1,1,0,1,1,1,train,train,test,train,train,train,1,0,0.471976
9342,0755345,755345,cleaned_awards,2008,1,methodkg_v3_00476,ann_00379,projtxt_58e6d6f82175c659,ENG,EEC,Standard Grant,"721800, 136000",inst_3345ac4bbb4d,Clarkson University,person_2ab4b074b539,0.0,0.0,0,no_method_signal,0.0,0.0,0,0,0,0,3,0,0,0,train,train,test,validation,train,test,0,0,0.08150393
9451,0802532,802532,cleaned_awards,2008,1,methodkg_v3_00480,ann_02270,projtxt_c22322757a4620c1,EDU,DUE,Standard Grant,741200,inst_fadb19741170,Concord Consortium,person_c5022c59d01d,0.0,1.0,0,quant_only,0.0,1.0,1,0,1,0,5,0,1,1,test,train,test,validation,train,train,0,0,0.12607642
9452,0802533,802533,cleaned_awards,2008,1,methodkg_v3_00481,ann_00969,projtxt_f92d9af262c560e6,EDU,DUE,Standard Grant,741200,inst_3a0974adc520,Aiken Technical College,person_9927d41876b3,0.0,0.0,0,no_method_signal,0.0,0.0,0,0,0,0,3,0,0,0,validation,train,test,validation,validation,train,0,0,0.087913826
9909,0827526,827526,cleaned_awards,2008,1,methodkg_v3_00512,ann_01375,projtxt_bbb84212cb9cc537,EDU,EES,Standard Grant,154400,inst_ef0415b2bd8e,Northern Illinois University,person_78926f1a1a2c,1.0,1.0,1,explicit_mmr,1.0,1.0,1,1,1,1,0,1,1,1,train,train,test,validation,validation,train,1,1,0.6297612
10037,0833184,833184,cleaned_awards,2008,1,methodkg_v3_00517,ann_00669,projtxt_588a36d0edb636a5,EDU,EES,Cooperative Agreement,913100,inst_f5b98e368d18,North Carolina Central University,person_d08b8cba3143,0.0,1.0,0,quant_only,0.0,1.0,1,0,1,0,5,0,1,1,train,train,test,train,train,train,0,0,0.09235526
10182,0840738,840738,cleaned_awards,2008,1,methodkg_v3_00548,ann_00749,projtxt_c381aaf32afc4b20,EDU,DUE,Standard Grant,744400,inst_a2192aeb28da,Exploratorium,person_5d9f0ce3c552,1.0,1.0,1,implicit_mmr,1.0,1.0,1,1,1,1,1,1,1,1,train,train,test,test,train,train,1,0,0.1438014
10184,0840745,840745,cleaned_awards,2008,1,methodkg_v3_00549,ann_02318,projtxt_c381aaf32afc4b20,EDU,DUE,Standard Grant,744400,inst_63ef75a85860,Utah State University,person_d04d773eea09,1.0,1.0,1,implicit_mmr,1.0,1.0,1,1,1,1,1,1,1,1,train,train,test,test,train,train,1,0,0.17931674
10185,0840764,840764,cleaned_awards,2008,1,methodkg_v3_00550,ann_01836,projtxt_badb18862df542d5,EDU,DUE,Standard Grant,744400,inst_d2b442f8f9c5,University of Wisconsin-Madison,person_8dbabcfc4598,0.0,1.0,0,multi_method_not_mmr,0.0,0.0,1,0,1,0,2,0,0,1,train,train,test,train,train,train,0,0,0.14593536
10242,0920837,920837,cleaned_awards,2008,1,methodkg_v3_00584,ann_01981,projtxt_35ce3c446597f629,EDU,EES,Standard Grant,154400,inst_0ad3f35ad0bc,William Marsh Rice University,person_6272dd9da07f,1.0,1.0,1,implicit_mmr,1.0,1.0,1,1,1,1,1,1,1,1,train,train,test,test,train,train,1,1,0.5074021
10261,0802428,802428,cleaned_awards,2009,1,methodkg_v3_00478,ann_00772,projtxt_192d18c74e239c7f,EDU,DUE,Standard Grant,741200,inst_63a1e5587559,Sinclair Community College,person_36b65bedd3af,0.0,0.0,0,no_method_signal,0.0,0.0,0,0,0,0,3,0,0,0,validation,train,test,test,validation,train,0,0,0.13226394
10333,0833461,833461,cleaned_awards,2009,1,methodkg_v3_00523,ann_02221,projtxt_d5d797f396dcf390,EDU,EES,Continuing Grant,"913100, 179600",inst_f038069717ff,Louisiana State University,person_f75ad59f82fe,0.0,0.0,0,no_method_signal,0.0,0.0,0,0,0,0,3,0,0,0,train,train,test,validation,train,train,0,0,0.12584583
10834,0901408,901408,cleaned_awards,2009,1,methodkg_v3_00562,ann_01481,projtxt_43b942808175bd5c,EDU,DUE,Standard Grant,741200,inst_63a1e5587559,Sinclair Community College,person_16d25c64a590,1.0,1.0,1,explicit_mmr,1.0,1.0,1,1,1,1,0,1,1,1,train,train,test,train,validation,train,1,0,0.09809498
10875,0903234,903234,cleaned_awards,2009,1,methodkg_v3_00563,ann_02265,projtxt_16701315835a4719,EDU,DUE,Continuing Grant,741200,inst_a2f641492092,Mississippi State University,person_85ccffbd1ae8,0.0,0.0,0,no_method_signal,0.0,0.0,0,0,0,0,3,0,0,0,test,train,test,test,train,train,0,0,0.09536291
10988,0910384,910384,cleaned_awards,2009,1,methodkg_v3_00571,ann_00266,projtxt_73108de1ec750d4f,EDU,DRL,Standard Grant,"154400, 762500",inst_83101c1f934e,Arizona State University,person_a52084a2361c,0.0,1.0,0,multi_method_not_mmr,1.0,1.0,1,0,1,0,2,1,1,1,train,train,test,validation,train,train,0,1,0.5033623
11191,0926398,926398,cleaned_awards,2009,1,methodkg_v3_00585,ann_01024,projtxt_d13d4299ba661e35,EDU,DUE,Standard Grant,744400,inst_9ea934a1e47f,University Corporation For Atmospheric Res,person_670312c9e6b3,1.0,1.0,1,explicit_mmr,1.0,1.0,1,1,1,1,0,1,1,1,validation,train,test,train,train,train,1,0,0.32188067
11193,0926534,926534,cleaned_awards,2009,1,methodkg_v3_00586,ann_00394,projtxt_ed53c89c4bb42ce1,ENG,EEC,Standard Grant,774100,inst_e160b12a93ec,University of Washington,person_a1799bd81290,1.0,1.0,1,explicit_mmr,1.0,1.0,1,1,1,1,0,1,1,1,train,train,test,test,train,test,1,0,0.28444463
11308,0930067,930067,cleaned_awards,2009,1,methodkg_v3_00596,ann_00690,projtxt_25664846ba8e35aa,EDU,EES,Continuing Grant,913100,inst_4883cb2b66b7,Aaniiih Nakoda College,person_dc6e8d68f1d1,0.0,0.0,0,no_method_signal,0.0,0.0,0,0,0,0,3,0,0,0,test,train,test,train,train,train,0,0,0.2183182
11588,0937314,937314,cleaned_awards,2009,1,methodkg_v3_00616,ann_00196,projtxt_26bba8d3abf95caf,EDU,EES,Standard Grant,154400,inst_91a65d52365a,Twin Cities Public Television,person_daccbf4d75b5,0.0,1.0,0,quant_only,0.0,1.0,1,0,1,0,5,0,1,1,train,train,test,validation,train,train,0,0,0.22806138
11601,0937791,937791,cleaned_awards,2009,1,methodkg_v3_00617,ann_00813,projtxt_12921e8025b9a140,EDU,DUE,Continuing Grant,744400,inst_20261daaec23,University of Pittsburgh,person_7253ece85c3a,0.0,0.0,0,no_method_signal,0.0,0.0,0,0,0,0,3,0,0,0,train,train,test,train,train,train,0,0,0.16589235
11603,0937800,937800,cleaned_awards,2009,1,methodkg_v3_00618,ann_02055,projtxt_12921e8025b9a140,EDU,DUE,Continuing Grant,744400,inst_62e9a148172c,Beloit College,person_d5da0bd6bb5a,0.0,0.0,0,no_method_signal,0.0,0.0,0,0,0,0,3,0,0,0,train,train,test,train,train,train,0,0,0.17055584
11605,0937824,937824,cleaned_awards,2009,1,methodkg_v3_00619,ann_00622,projtxt_f1c32a81eca79c20,EDU,DUE,Standard Grant,744400,inst_52a148e770d9,Pisgah Astronomical Research Institute,person_d12d81a191f9,0.0,0.0,0,no_method_signal,0.0,0.0,0,0,0,0,3,0,0,0,test,train,test,test,validation,train,0,0,0.14088707
11820,1045039,1045039,cleaned_awards,2009,1,methodkg_v3_00700,ann_00563,projtxt_c381aaf32afc4b20,EDU,DUE,Standard Grant,744400,inst_c7dda2f8b75f,University of California-Berkeley,person_5d9f0ce3c552,1.0,1.0,1,implicit_mmr,1.0,1.0,1,1,1,1,1,1,1,1,train,train,test,test,train,train,1,0,0.13858382
11856,0936613,936613,cleaned_awards,2010,1,methodkg_v3_00614,ann_02391,projtxt_5a4505b07bc19551,EDU,EES,Continuing Grant,154400,inst_88198664708f,University of Illinois at Chicago,person_10a1dc046f7c,1.0,1.0,1,explicit_mmr,1.0,1.0,1,1,1,1,0,1,1,1,test,train,test,train,train,train,1,1,0.7158775
11857,0936647,936647,cleaned_awards,2010,1,methodkg_v3_00615,ann_01069,projtxt_d3ac2d3cbfa21de4,EDU,EES,Standard Grant,"154400, 915000",inst_bbd0f175293f,Montana State University,person_630cdc7f0708,1.0,1.0,1,explicit_mmr,1.0,1.0,1,1,1,1,0,1,1,1,train,train,test,validation,train,train,1,1,0.65046006
11874,0939287,939287,cleaned_awards,2010,1,methodkg_v3_00620,ann_01829,projtxt_a4121216f7738c6a,ENG,EEC,Standard Grant,"773400, 140600",inst_c2074df59946,Rensselaer Polytechnic Institute,person_457e4231282f,0.0,1.0,0,quant_only,0.0,1.0,1,0,1,0,5,0,1,1,test,train,test,validation,train,test,0,0,0.06766189
12144,0963641,963641,cleaned_awards,2010,1,methodkg_v3_00641,ann_02377,projtxt_b9e6612603796e17,EDU,EES,Continuing Grant,"913100, 159400",inst_656882163ac5,Xavier University of Louisiana,person_adefd3bd9230,0.0,1.0,0,quant_only,0.0,1.0,1,0,1,0,5,0,1,1,train,train,test,train,train,train,0,0,0.2614291
12358,1002893,1002893,cleaned_awards,2010,1,methodkg_v3_00650,ann_01715,projtxt_90bb0abb420c356f,EDU,DUE,Continuing Grant,741200,inst_6770870f27e8,Bemidji State University,person_398b02944cc7,0.0,1.0,0,multi_method_not_mmr,0.0,0.0,1,0,1,0,2,0,0,1,train,train,test,train,test,train,0,0,0.09649676
12362,1003032,1003032,cleaned_awards,2010,1,methodkg_v3_00651,ann_02211,projtxt_82db7244f4e8c340,EDU,DUE,Continuing Grant,741200,inst_ce6f2e9e6008,Macomb Community College,person_e0f661320614,0.0,0.0,0,no_method_signal,0.0,0.0,0,0,0,0,3,0,0,0,train,train,test,train,train,train,0,0,0.11542045
12405,1003637,1003637,cleaned_awards,2010,1,methodkg_v3_00652,ann_00543,projtxt_cfe6a8a53e211f53,EDU,DUE,Continuing Grant,741200,inst_511b8e01bd98,El Camino College,person_9c6b3acb07b1,0.0,0.0,0,no_method_signal,0.0,0.0,0,0,0,0,3,0,0,0,train,train,test,train,train,train,0,0,0.075374566
12414,1003730,1003730,cleaned_awards,2010,1,methodkg_v3_00653,ann_02156,projtxt_445a6e4b33b8f2ac,EDU,DUE,Continuing Grant,741200,inst_cbdd9fb2fcd3,Illinois Valley Community College,person_75223eda53d8,0.0,0.0,0,no_method_signal,0.0,0.0,0,0,0,0,3,0,0,0,train,train,test,train,validation,train,0,0,0.10248069
12424,1003852,1003852,cleaned_awards,2010,1,methodkg_v3_00654,ann_02116,projtxt_3ca95ec76b060ef6,EDU,DUE,Continuing Grant,741200,inst_e9d77cd17e33,City College of San Francisco,person_8b198cbaeefb,0.0,1.0,0,multi_method_not_mmr,0.0,0.0,1,0,1,0,2,0,0,1,train,train,test,train,train,train,0,0,0.16530289
12508,1008660,1008660,cleaned_awards,2010,1,methodkg_v3_00657,ann_01694,projtxt_d29e43156cdc545d,EDU,EES,Standard Grant,769000,inst_39ca0208c569,Brunswick Community College,person_47636164b989,0.0,1.0,0,multi_method_not_mmr,0.0,0.0,1,0,1,0,2,0,0,1,train,train,test,test,validation,train,0,0,0.2469037
12969,1036563,1036563,cleaned_awards,2010,1,methodkg_v3_00680,ann_02201,projtxt_92d1f3245d6cb2f8,EDU,EES,Standard Grant,913100,inst_5411e6badda6,North Carolina Agricultural & Technical State University,person_fd14bb3d514c,0.0,0.0,0,no_method_signal,0.0,0.0,0,0,0,0,3,0,0,0,test,train,test,train,train,train,0,0,0.12885009
12981,1036688,1036688,cleaned_awards,2010,1,methodkg_v3_00681,ann_01183,projtxt_e9a29156c0429e3c,EDU,EES,Standard Grant,154400,inst_be886d0c0a3b,University of Maryland Baltimore County,person_55eb253852f2,1.0,1.0,1,explicit_mmr,1.0,1.0,1,1,1,1,0,1,1,1,test,train,test,test,train,train,1,1,0.66100204
13080,1043632,1043632,cleaned_awards,2010,1,methodkg_v3_00690,ann_00688,projtxt_666b5e676a084ba3,EDU,DUE,Standard Grant,744400,inst_4d8f5e449263,Massachusetts Institute of Technology,person_37223301b101,0.0,0.0,0,no_method_signal,0.0,0.0,0,0,0,0,3,0,0,0,train,train,test,train,train,train,0,0,0.18525612
13087,1043777,1043777,cleaned_awards,2010,1,methodkg_v3_00692,ann_00898,projtxt_1988ec0833f35b62,EDU,DUE,Standard Grant,744400,inst_58407da5ce4b,University of California-Santa Barbara,person_3c14823fa25d,0.0,0.0,0,no_method_signal,0.0,0.0,0,0,0,0,3,0,0,0,train,train,test,validation,train,train,0,0,0.20848492
13302,1036706,1036706,cleaned_awards,2011,1,methodkg_v3_00682,ann_02102,projtxt_10dd833f230aebb9,EDU,EES,Standard Grant,154400,inst_49fa50096830,Michigan Technological University,person_f8c47dd79ade,0.0,1.0,0,quant_only,0.0,1.0,1,0,1,0,5,0,1,1,train,train,test,test,train,train,0,1,0.5248651
13303,1036715,1036715,cleaned_awards,2011,1,methodkg_v3_00683,ann_01596,projtxt_10dd833f230aebb9,EDU,EES,Standard Grant,154400,inst_9dca4326d0d5,Pennsylvania State Univ University Park,person_11ff0ffe7a1d,0.0,1.0,0,quant_only,0.0,1.0,1,0,1,0,5,0,1,1,train,train,test,test,train,train,0,1,0.5788712
13768,1104192,1104192,cleaned_awards,2011,1,methodkg_v3_00718,ann_01208,projtxt_b7f540d9dfaf8e7b,EDU,DUE,Standard Grant,741200,inst_9b0b07495db3,Whatcom Community College,person_31b0ad8bda5a,0.0,0.0,0,no_method_signal,0.0,0.0,0,0,0,0,3,0,0,0,train,train,test,test,train,train,0,0,0.1501898
13774,1104214,1104214,cleaned_awards,2011,1,methodkg_v3_00719,ann_01443,projtxt_73f459bbf302a705,EDU,DUE,Standard Grant,741200,inst_72c72a774380,University of South Florida,person_b9dc6cbadc97,1.0,1.0,1,explicit_mmr,1.0,1.0,1,1,1,1,0,1,1,1,train,train,test,train,train,train,1,0,0.2714556
13800,1104318,1104318,cleaned_awards,2011,1,methodkg_v3_00720,ann_00191,projtxt_4905925895844d00,EDU,DUE,Standard Grant,741200,inst_4cbf277252c3,University of New Mexico,person_16b36397faf6,0.0,0.0,0,no_method_signal,0.0,0.0,0,0,0,0,3,0,0,0,validation,train,test,test,test,train,0,0,0.15422456
14412,1159252,1159252,cleaned_awards,2011,1,methodkg_v3_00793,ann_02257,projtxt_10dd833f230aebb9,EDU,EES,Standard Grant,154400,inst_573cd3940e58,"OHIO STATE UNIVERSITY, THE",person_f8c47dd79ade,0.0,1.0,0,quant_only,0.0,1.0,1,0,1,0,5,0,1,1,train,train,test,test,train,train,0,0,0.4976459
14418,1203234,1203234,cleaned_awards,2011,1,methodkg_v3_00796,ann_02411,projtxt_e9a29156c0429e3c,EDU,EES,Standard Grant,154400,inst_4c0918ef74d7,University of North Carolina at Chapel Hill,person_55eb253852f2,1.0,1.0,1,explicit_mmr,1.0,1.0,1,1,1,1,0,1,1,1,test,train,test,test,train,train,1,1,0.61485523
14471,1132482,1132482,cleaned_awards,2012,1,methodkg_v3_00752,ann_01991,projtxt_16831248e228e717,ENG,EEC,Continuing Grant,"721800, 135900",inst_e5e8f69a0542,New York University,person_986fc1132ac4,0.0,0.0,0,no_method_signal,0.0,0.0,0,0,0,0,3,0,0,0,train,train,test,train,train,test,0,0,0.11591423
14474,1136079,1136079,cleaned_awards,2012,1,methodkg_v3_00755,ann_00738,projtxt_542ec3b1ba3c14f1,EDU,EES,Standard Grant,154400,inst_83101c1f934e,Arizona State University,person_8b98178a3774,1.0,1.0,1,explicit_mmr,1.0,1.0,1,1,1,1,0,1,1,1,train,train,test,test,train,train,1,1,0.5712065
14479,1136253,1136253,cleaned_awards,2012,1,methodkg_v3_00756,ann_00102,projtxt_1e5a4080c14dc97e,EDU,EES,Continuing Grant,154400,inst_a98c4ebd446d,Science Museum of Minnesota,person_68b83dd65d72,0.0,1.0,0,multi_method_not_mmr,0.0,0.0,1,0,1,0,2,0,0,1,train,train,test,train,train,train,0,1,0.5427795
14946,1203121,1203121,cleaned_awards,2012,1,methodkg_v3_00795,ann_01181,projtxt_679986a669946c08,EDU,DRL,Continuing Grant,"154400, 798000",inst_c35b2d6254ca,National Alliance for Partnerships in Equity Education Foundatio,person_6a44638b90af,0.0,1.0,0,multi_method_not_mmr,0.0,0.0,1,0,1,0,2,0,0,1,train,train,test,train,train,train,0,1,0.5744427
14961,1204362,1204362,cleaned_awards,2012,1,methodkg_v3_00797,ann_01045,projtxt_762dcc267c4595ff,EDU,DUE,Standard Grant,741200,inst_813786f74237,Lewis and Clark Community College,person_d3acd5668eb7,0.0,0.0,0,no_method_signal,0.0,0.0,0,0,0,0,3,0,0,0,validation,train,test,validation,test,train,0,0,0.12789671
14976,1204904,1204904,cleaned_awards,2012,1,methodkg_v3_00798,ann_00472,projtxt_5d337042b2f073a2,EDU,DUE,Standard Grant,741200,inst_9449cea011d2,University of Hawaii,person_0e5a915c1fb3,0.0,1.0,0,quant_only,0.0,1.0,1,0,1,0,5,0,1,1,test,train,test,test,train,train,0,0,0.19186386
14980,1204933,1204933,cleaned_awards,2012,1,methodkg_v3_00799,ann_01592,projtxt_80371af2c76b2d42,EDU,DUE,Standard Grant,741200,inst_49da388612cb,Kennebec Valley Community College,person_4d8c6bb5ac76,1.0,1.0,1,explicit_mmr,1.0,1.0,1,1,1,1,0,1,1,1,train,train,test,validation,train,train,1,0,0.19601816
15026,1208810,1208810,cleaned_awards,2012,1,methodkg_v3_00803,ann_01019,projtxt_dd07546673b78505,EDU,EES,Continuing Grant,769000,inst_7d21921560e8,University of Southern Maine,person_359f8483a515,1.0,1.0,1,implicit_mmr,1.0,1.0,1,1,1,1,1,1,1,1,validation,train,test,validation,train,train,1,0,0.32094094
15039,1209200,1209200,cleaned_awards,2012,1,methodkg_v3_00804,ann_00051,projtxt_f21313f83a5b24c9,EDU,EES,Continuing Grant,769000,inst_8c3445962396,CSU Fullerton Auxiliary Services Corporation,person_a9d5c93fd7e7,1.0,1.0,1,explicit_mmr,1.0,1.0,1,1,1,1,0,1,1,1,train,train,test,validation,train,train,1,0,0.24187508
15287,1232364,1232364,cleaned_awards,2012,1,methodkg_v3_00822,ann_00746,projtxt_6a2c1a79e8640ec5,EDU,EES,Standard Grant,154400,inst_c81eaba1c647,Miami University,person_5a00237583d7,1.0,1.0,1,explicit_mmr,1.0,1.0,1,1,1,1,0,1,1,1,train,train,test,train,train,train,1,1,0.63737077
15620,1256003,1256003,cleaned_awards,2012,1,methodkg_v3_00878,ann_01724,projtxt_3304877d9feaaf36,EDU,DUE,Standard Grant,,inst_f27e0292a56f,University of Nebraska-Lincoln,person_a7f838237f4f,0.0,1.0,0,quant_only,0.0,1.0,1,0,1,0,5,0,1,1,train,train,test,train,train,train,0,0,0.19246644
15645,1257496,1257496,cleaned_awards,2012,1,methodkg_v3_00879,ann_01449,projtxt_1c9896fdfd52c59f,EDU,DUE,Standard Grant,,inst_d2b442f8f9c5,University of Wisconsin-Madison,person_bb76f41cd7aa,0.0,1.0,0,multi_method_not_mmr,0.0,0.0,1,0,1,0,2,0,0,1,train,train,test,train,train,train,0,0,0.28430974
15663,1307977,1307977,cleaned_awards,2012,1,methodkg_v3_00898,ann_00070,projtxt_5a4505b07bc19551,EDU,EES,Continuing Grant,154400,inst_b3d52ce2ce10,Indiana University,person_10a1dc046f7c,1.0,1.0,1,explicit_mmr,1.0,1.0,1,1,1,1,0,1,1,1,test,train,test,train,train,train,1,1,0.7084119
15681,1348903,1348903,cleaned_awards,2012,1,methodkg_v3_00947,ann_02259,projtxt_12921e8025b9a140,EDU,DUE,Continuing Grant,744400,inst_4fa0db018dea,University of Delaware,person_d5da0bd6bb5a,0.0,0.0,0,no_method_signal,0.0,0.0,0,0,0,0,3,0,0,0,train,train,test,train,train,train,0,0,0.18979199
16051,1261893,1261893,cleaned_awards,2013,1,methodkg_v3_00883,ann_00187,projtxt_249e783af73409fe,EDU,DUE,Standard Grant,741200,inst_8b64da0918ed,Maricopa County Community College District,person_c3ca68c8b85d,0.0,0.0,0,no_method_signal,0.0,0.0,0,0,0,0,3,0,0,0,validation,train,test,train,train,train,0,0,0.117938764
16052,1261914,1261914,cleaned_awards,2013,1,methodkg_v3_00884,ann_01837,projtxt_249e783af73409fe,EDU,DUE,Standard Grant,741200,inst_2b25a644038c,Hillsborough Community College,person_c8b54668826f,0.0,0.0,0,no_method_signal,0.0,0.0,0,0,0,0,3,0,0,0,validation,train,test,train,train,train,0,0,0.11385579
16108,1266050,1266050,cleaned_awards,2013,1,methodkg_v3_00887,ann_01886,projtxt_df7c2304d98c3fc2,ENG,EEC,Standard Grant,"146800, 576100",inst_c53261c1ff99,University of Illinois at Urbana-Champaign,person_8863181924b1,0.0,1.0,0,quant_only,0.0,1.0,1,0,1,0,5,0,1,1,train,train,test,validation,train,test,0,0,0.07710119
16117,1266169,1266169,cleaned_awards,2013,1,methodkg_v3_00888,ann_01441,projtxt_df7c2304d98c3fc2,ENG,EEC,Standard Grant,"146800, 576100",inst_b0164d46a195,Purdue University,person_808690394210,0.0,1.0,0,quant_only,0.0,1.0,1,0,1,0,5,0,1,1,train,train,test,validation,train,test,0,0,0.07184294
16172,1304036,1304036,cleaned_awards,2013,1,methodkg_v3_00892,ann_02362,projtxt_f8173c7aa08e71f4,EDU,DUE,Continuing Grant,741200,inst_b701159fa2f4,Gadsden State Community College,person_8ae251d33008,0.0,0.0,0,no_method_signal,0.0,0.0,0,0,0,0,3,0,0,0,test,train,test,train,train,train,0,0,0.1083195
16182,1304382,1304382,cleaned_awards,2013,1,methodkg_v3_00893,ann_00437,projtxt_12b0320bb5c03df5,EDU,DUE,Standard Grant,741200,inst_7826cae9503e,Florida State University,person_6b40726da4ce,1.0,1.0,1,explicit_mmr,1.0,1.0,1,1,1,1,0,1,1,1,test,train,test,train,validation,train,1,0,0.22085887
16518,1331006,1331006,cleaned_awards,2013,1,methodkg_v3_00926,ann_01639,projtxt_6e2cfee227929671,EDU,DUE,Standard Grant,,inst_c53261c1ff99,University of Illinois at Urbana-Champaign,person_7b2d1d5d9d02,0.0,0.0,0,no_method_signal,0.0,0.0,0,0,0,0,3,0,0,0,train,train,test,train,train,train,0,0,0.13880685
16871,1347510,1347510,cleaned_awards,2014,1,methodkg_v3_00941,ann_00955,projtxt_a358ff88328fa23b,EDU,DUE,Standard Grant,,inst_12dda80ab501,"Georgia State University Research Foundation, Inc.",person_d55060f481fd,1.0,1.0,1,explicit_mmr,1.0,1.0,1,1,1,1,0,1,1,1,train,train,test,validation,train,train,1,0,0.40396935
16872,1347515,1347515,cleaned_awards,2014,1,methodkg_v3_00942,ann_01798,projtxt_24fb6c3279071160,EDU,DUE,Standard Grant,,inst_95ef410579c8,The University of Central Florida Board of Trustees,person_cc14909789cc,1.0,1.0,1,explicit_mmr,1.0,1.0,1,1,1,1,0,1,1,1,train,train,test,train,train,train,1,0,0.40612242
16874,1347527,1347527,cleaned_awards,2014,1,methodkg_v3_00943,ann_00376,projtxt_24fb6c3279071160,EDU,DUE,Standard Grant,,inst_8c6bbd894c13,George Washington University,person_cd5ff666949f,1.0,1.0,1,explicit_mmr,1.0,1.0,1,1,1,1,0,1,1,1,train,train,test,train,train,train,1,0,0.40949944
17139,1400593,1400593,cleaned_awards,2014,1,methodkg_v3_00964,ann_00487,projtxt_cc3455527bdc1f5f,EDU,DUE,Continuing Grant,741200,inst_ce6f2e9e6008,Macomb Community College,person_76858c9f728e,1.0,1.0,1,implicit_mmr,1.0,1.0,1,1,1,1,1,1,1,1,train,train,test,train,train,train,1,0,0.22178487
17205,1407212,1407212,cleaned_awards,2014,1,methodkg_v3_00970,ann_02461,projtxt_34f8ebde8a088016,EDU,DUE,Standard Grant,741200,inst_14f0f913bc7b,Foundation for California Community Colleges,person_b1ac65baa3ec,0.0,0.0,0,no_method_signal,0.0,0.0,0,0,0,0,3,0,0,0,train,train,test,test,train,train,0,0,0.2149709
17336,1420271,1420271,cleaned_awards,2014,1,methodkg_v3_00981,ann_01300,projtxt_b40ecc19632edbdc,EDU,DRL,Standard Grant,"154400, 762500",inst_bab4842db386,California State University-Long Beach Foundation,person_f801b39894a2,1.0,1.0,1,explicit_mmr,1.0,1.0,1,1,1,1,0,1,1,1,train,train,test,train,train,train,1,1,0.7257464
17356,1420596,1420596,cleaned_awards,2014,1,methodkg_v3_00982,ann_00440,projtxt_a37e9ea5eb84b274,EDU,DRL,Standard Grant,154400,inst_215acf77ebc0,ETR Associates,person_b859d4945d5d,1.0,1.0,1,explicit_mmr,1.0,1.0,1,1,1,1,0,1,1,1,validation,train,test,train,test,train,1,1,0.7819813
18038,1450755,1450755,cleaned_awards,2015,1,methodkg_v3_01023,ann_01865,projtxt_4dcd5a70fac0254c,EDU,DRL,Continuing Grant,"154400, 798000",inst_b3d52ce2ce10,Indiana University,person_10a1dc046f7c,1.0,1.0,1,implicit_mmr,1.0,1.0,1,1,1,1,1,1,1,1,train,train,test,train,train,train,1,1,0.79527557
18274,1501076,1501076,cleaned_awards,2015,1,methodkg_v3_01046,ann_01943,projtxt_d5138301a3f2bea3,EDU,DUE,Standard Grant,741200,inst_e851ee791fa2,Monroe Community College,person_6fe98add1609,0.0,0.0,0,no_method_signal,0.0,0.0,0,0,0,0,3,0,0,0,test,train,test,train,train,train,0,0,0.14534047
18277,1501176,1501176,cleaned_awards,2015,1,methodkg_v3_01047,ann_00082,projtxt_7585a9391f7ac464,EDU,DUE,Standard Grant,"741200, 153600",inst_d2b442f8f9c5,University of Wisconsin-Madison,person_8dbabcfc4598,1.0,1.0,1,explicit_mmr,1.0,1.0,1,1,1,1,0,1,1,1,train,train,test,train,train,train,1,0,0.45482874
18313,1501883,1501883,cleaned_awards,2015,1,methodkg_v3_01048,ann_00771,projtxt_9b3291359f2e6a8c,EDU,DUE,Standard Grant,"741200, 153600",inst_9dca4326d0d5,Pennsylvania State Univ University Park,person_129ef4f4a050,1.0,1.0,1,implicit_mmr,1.0,1.0,1,1,1,1,1,1,1,1,validation,train,test,test,train,train,1,0,0.30714166
18318,1501938,1501938,cleaned_awards,2015,1,methodkg_v3_01049,ann_01200,projtxt_b100d2b7fc639524,EDU,DUE,Standard Grant,741200,inst_3292a41ad502,Houston Community College,person_6a29ebe23a68,0.0,1.0,0,quant_only,0.0,1.0,1,0,1,0,5,0,1,1,train,train,test,train,train,train,0,0,0.186994
18319,1501952,1501952,cleaned_awards,2015,1,methodkg_v3_01050,ann_02379,projtxt_b100d2b7fc639524,EDU,DUE,Standard Grant,"741200, 153600",inst_35ee9bfcd121,Texas A&M Engineering Experiment Station,person_66a76df93caf,0.0,1.0,0,quant_only,0.0,1.0,1,0,1,0,5,0,1,1,train,train,test,train,train,train,0,0,0.25303826
18736,1530753,1530753,cleaned_awards,2015,1,methodkg_v3_01101,ann_00895,projtxt_91f53169a0c0bae0,ENG,EEC,Standard Grant,167400,inst_b90e8fe1c924,University of Houston,person_74a4f2f11f00,0.0,1.0,0,quant_only,0.0,1.0,1,0,1,0,5,0,1,1,train,train,test,train,train,test,0,0,0.125975
18809,1535359,1535359,cleaned_awards,2015,1,methodkg_v3_01115,ann_00993,projtxt_cc50c6f384092f0c,EDU,DRL,Standard Grant,154400,inst_0ad3f35ad0bc,William Marsh Rice University,person_6e61337c7661,0.0,1.0,0,quant_only,0.0,1.0,1,0,1,0,5,0,1,1,train,train,test,train,train,train,0,1,0.7535062
18815,1535414,1535414,cleaned_awards,2015,1,methodkg_v3_01116,ann_01582,projtxt_dd806e05389eb7b8,EDU,DRL,Standard Grant,"154400, 798000",inst_4fa0db018dea,University of Delaware,person_9d0102e79c79,1.0,1.0,1,implicit_mmr,1.0,1.0,1,1,1,1,1,1,1,1,train,train,test,train,train,train,1,1,0.7742747
19177,1547714,1547714,cleaned_awards,2016,1,methodkg_v3_01130,ann_01758,projtxt_4340a7f13319f9b0,EDU,EES,Standard Grant,913100,inst_1d0885cccbd9,Spelman College,person_9398802d0744,0.0,1.0,0,quant_only,0.0,1.0,1,0,1,0,5,0,1,1,train,train,test,train,validation,train,0,0,0.32592314
19183,1547793,1547793,cleaned_awards,2016,1,methodkg_v3_01131,ann_01515,projtxt_4340a7f13319f9b0,EDU,EES,Standard Grant,913100,inst_f78bbfe1b8e7,Morehouse College,person_b7b95f2603c2,0.0,1.0,0,quant_only,0.0,1.0,1,0,1,0,5,0,1,1,train,train,test,train,validation,train,0,0,0.30699342
19473,1600736,1600736,cleaned_awards,2016,1,methodkg_v3_01159,ann_02306,projtxt_de14248483872191,EDU,DUE,Standard Grant,741200,inst_6ea2e3c8dc74,Delgado Community College,person_d19bfbaad884,0.0,0.0,0,no_method_signal,0.0,0.0,0,0,0,0,3,0,0,0,train,train,test,train,train,train,0,0,0.16641876
19485,1600992,1600992,cleaned_awards,2016,1,methodkg_v3_01160,ann_01475,projtxt_f29138b05d8911f4,EDU,DUE,Standard Grant,741200,inst_bd3bf9378e99,Western Michigan University,person_ce9dd9ce6d06,1.0,1.0,1,explicit_mmr,1.0,1.0,1,1,1,1,0,1,1,1,train,train,test,train,train,train,1,0,0.28488797
19490,1601043,1601043,cleaned_awards,2016,1,methodkg_v3_01162,ann_00691,projtxt_f62c08a8a2bfc63e,EDU,DUE,Standard Grant,741200,inst_e94ca839f06e,Northeast Iowa Community College,person_95bc44764c6b,0.0,0.0,0,no_method_signal,0.0,0.0,0,0,0,0,3,0,0,0,train,train,test,test,train,train,0,0,0.23323934
19527,1601456,1601456,cleaned_awards,2016,1,methodkg_v3_01164,ann_01490,projtxt_92ff3e545673b74c,EDU,DUE,Standard Grant,741200,inst_32dd44597928,"Pellet Productions, Inc.",person_f8a89fda3f87,0.0,0.0,0,no_method_signal,0.0,0.0,0,0,0,0,3,0,0,0,train,train,test,train,test,train,0,0,0.27682334
19549,1601785,1601785,cleaned_awards,2016,1,methodkg_v3_01165,ann_01663,projtxt_45a0614de63db590,EDU,DUE,Standard Grant,741200,inst_e882593c7d25,Del Mar College,person_444578b04de5,0.0,0.0,0,no_method_signal,0.0,0.0,0,0,0,0,3,0,0,0,train,train,test,train,train,train,0,0,0.12879552
19828,1622991,1622991,cleaned_awards,2016,1,methodkg_v3_01196,ann_01647,projtxt_b40ecc19632edbdc,EDU,DRL,Standard Grant,"154400, 762500, 798000",inst_a692c935d9f6,San Diego State University Foundation,person_f801b39894a2,1.0,1.0,1,explicit_mmr,1.0,1.0,1,1,1,1,0,1,1,1,train,train,test,train,train,train,1,1,0.80859905
20415,1743150,1743150,cleaned_awards,2016,1,methodkg_v3_01371,ann_02112,projtxt_cc50c6f384092f0c,EDU,DRL,Standard Grant,154400,inst_179d12d7459c,Regents of the University of Michigan - Ann Arbor,person_6e61337c7661,0.0,1.0,0,quant_only,0.0,1.0,1,0,1,0,5,0,1,1,train,train,test,train,train,train,0,1,0.813839
20808,1700352,1700352,cleaned_awards,2017,1,methodkg_v3_01283,ann_00807,projtxt_df073e59fe89cac3,EDU,DUE,Standard Grant,741200,inst_39f8a27eab81,Indian River State College,person_d6099c8e63af,0.0,0.0,0,no_method_signal,0.0,0.0,0,0,0,0,3,0,0,0,train,validation,test,train,test,train,0,0,0.13550892
20815,1700438,1700438,cleaned_awards,2017,1,methodkg_v3_01284,ann_01321,projtxt_c72fc49fdf6896e6,EDU,DUE,Standard Grant,741200,inst_ee1faaf9519d,Lincoln Land Community College,person_c3b357696316,0.0,1.0,0,quant_only,0.0,1.0,1,0,1,0,5,0,1,1,test,validation,test,validation,train,train,0,0,0.3797755
20816,1700441,1700441,cleaned_awards,2017,1,methodkg_v3_01285,ann_01054,projtxt_c7947d74b09c5737,EDU,DUE,Standard Grant,741200,inst_c7b7e1f150c3,Shoreline Community College,person_c588c09eae52,0.0,1.0,0,qual_only,1.0,0.0,1,0,1,0,4,1,0,1,train,validation,test,validation,train,train,0,0,0.18686005
20823,1700497,1700497,cleaned_awards,2017,1,methodkg_v3_01286,ann_00951,projtxt_a0c06b3fad91fbaa,EDU,DUE,Standard Grant,741200,inst_a72437713e95,Front Range Community College,person_bbfc36c78aa5,0.0,0.0,0,no_method_signal,0.0,0.0,0,0,0,0,3,0,0,0,validation,validation,test,train,train,train,0,0,0.33910987
20830,1700531,1700531,cleaned_awards,2017,1,methodkg_v3_01287,ann_02236,projtxt_006a3e1345e1bc0a,EDU,DUE,Standard Grant,741200,inst_63a1e5587559,Sinclair Community College,person_f4b9f8dc1952,0.0,1.0,0,multi_method_not_mmr,0.0,0.0,1,0,1,0,2,0,0,1,train,validation,test,train,validation,train,0,0,0.2810232
20833,1700552,1700552,cleaned_awards,2017,1,methodkg_v3_01288,ann_01304,projtxt_e872752ba6060f76,EDU,DUE,Standard Grant,741200,inst_960d34bcd9ea,Palomar College,person_c9e2e849af47,0.0,0.0,0,no_method_signal,0.0,0.0,0,0,0,0,3,0,0,0,validation,validation,test,test,train,train,0,0,0.15829907
20842,1700581,1700581,cleaned_awards,2017,1,methodkg_v3_01289,ann_01572,projtxt_f59979497a6e2c8c,EDU,DUE,Standard Grant,741200,inst_7826cae9503e,Florida State University,person_6b40726da4ce,1.0,1.0,1,explicit_mmr,1.0,1.0,1,1,1,1,0,1,1,1,train,validation,test,train,validation,train,1,0,0.48986387
20853,1700625,1700625,cleaned_awards,2017,1,methodkg_v3_01290,ann_01680,projtxt_1ad7e7281c329852,EDU,DUE,Standard Grant,741200,inst_d2b442f8f9c5,University of Wisconsin-Madison,person_afe8c8d360a0,1.0,1.0,1,explicit_mmr,1.0,1.0,1,1,1,1,0,1,1,1,train,validation,test,train,train,train,1,1,0.7040837
21446,1737768,1737768,cleaned_awards,2017,1,methodkg_v3_01348,ann_01955,projtxt_8b3cc037011d85e8,EDU,DUE,Standard Grant,741200,inst_32dd44597928,"Pellet Productions, Inc.",person_25466ec66b17,0.0,0.0,0,no_method_signal,0.0,0.0,0,0,0,0,3,0,0,0,train,validation,test,train,test,train,0,0,0.38116723
21661,1748570,1748570,cleaned_awards,2017,1,methodkg_v3_01377,ann_00737,projtxt_ab667adf006033a7,EDU,DUE,Standard Grant,741200,inst_b0ebe03a0822,University of California-Irvine,person_09ac5674ccef,0.0,1.0,0,quant_only,0.0,1.0,1,0,1,0,5,0,1,1,test,validation,test,train,train,train,0,1,0.5100822
22162,1801043,1801043,cleaned_awards,2018,1,methodkg_v3_01402,ann_02319,projtxt_f0b3c2527f4228cb,EDU,DUE,Standard Grant,741200,inst_0ce50d3b73c3,Rutgers University New Brunswick,person_7ec1d52e72e1,1.0,1.0,1,explicit_mmr,1.0,1.0,1,1,1,1,0,1,1,1,validation,validation,test,train,train,train,1,1,0.60222864
22164,1801057,1801057,cleaned_awards,2018,1,methodkg_v3_01403,ann_02113,projtxt_db63d68ffc9d0099,EDU,DUE,Standard Grant,741200,inst_4f0f7a017fbc,Palo Alto College,person_df48eb5c1bec,0.0,1.0,0,quant_only,0.0,1.0,1,0,1,0,5,0,1,1,train,validation,test,train,test,train,0,0,0.4717428
22179,1801120,1801120,cleaned_awards,2018,1,methodkg_v3_01404,ann_01138,projtxt_51148e5dfaea2a8d,EDU,DUE,Standard Grant,741200,inst_a58b5282df01,Motlow State Community College,person_16e3f6217227,0.0,1.0,0,multi_method_not_mmr,1.0,1.0,1,0,1,0,2,1,1,1,train,validation,test,validation,test,train,0,0,0.18487011
22187,1801163,1801163,cleaned_awards,2018,1,methodkg_v3_01405,ann_01672,projtxt_9e20d9b60db3f620,EDU,DUE,Standard Grant,741200,inst_72c72a774380,University of South Florida,person_b9dc6cbadc97,1.0,1.0,1,explicit_mmr,1.0,1.0,1,1,1,1,0,1,1,1,test,validation,test,train,train,train,1,0,0.49157512
22645,1827037,1827037,cleaned_awards,2018,1,methodkg_v3_01449,ann_01209,projtxt_074c437747efa0a2,EDU,EES,Standard Grant,913100,inst_af982e47d168,Henshaw Jacob D,person_93ebf3049080,0.0,1.0,0,multi_method_not_mmr,0.0,0.0,1,0,1,0,2,0,0,1,test,validation,test,test,test,train,0,0,0.26302996
23477,1901877,1901877,cleaned_awards,2019,1,methodkg_v3_01513,ann_00864,projtxt_a07a64082ea8ac43,EDU,DUE,Standard Grant,741200,inst_55b1eaaba751,Phillips Community College of the University of Arkansas,person_b14b72fc5a75,0.0,1.0,0,multi_method_not_mmr,0.0,0.0,1,0,1,0,2,0,0,1,test,validation,test,test,test,train,0,0,0.278032
23486,1902075,1902075,cleaned_awards,2019,1,methodkg_v3_01514,ann_01108,projtxt_28767c95c3fa9a3a,EDU,DUE,Standard Grant,741200,inst_013d931d9c07,Bucks County Community College,person_14709ad945c5,0.0,0.0,0,no_method_signal,0.0,0.0,0,0,0,0,3,0,0,0,test,validation,test,train,train,train,0,0,0.22574744
23492,1902236,1902236,cleaned_awards,2019,1,methodkg_v3_01515,ann_01657,projtxt_cdac42a8feac613b,EDU,DUE,Standard Grant,741200,inst_4ee492c8fa81,Community College of Allegheny County Allegheny Campus,person_9d4b47947a74,0.0,1.0,0,multi_method_not_mmr,0.0,0.0,1,0,1,0,2,0,0,1,validation,validation,test,validation,train,train,0,0,0.32578585
23519,1902473,1902473,cleaned_awards,2019,1,methodkg_v3_01516,ann_02119,projtxt_e1b0ddfc1238f1d2,EDU,DUE,Standard Grant,741200,inst_7ef12c39e094,Saint Paul College-A community & Technical College,person_867944fe56b4,1.0,1.0,1,explicit_mmr,1.0,1.0,1,1,1,1,0,1,1,1,test,validation,test,test,train,train,1,0,0.3353756
23527,1902518,1902518,cleaned_awards,2019,1,methodkg_v3_01517,ann_00434,projtxt_095fdb41c7c4ae3b,EDU,DUE,Standard Grant,741200,inst_6c31cdd6980a,Milwaukee Area Technical College,person_0b08ec13e7dc,0.0,1.0,0,multi_method_not_mmr,1.0,1.0,1,0,1,0,2,1,1,1,train,validation,test,train,test,train,0,0,0.39613172
23535,1902574,1902574,cleaned_awards,2019,1,methodkg_v3_01518,ann_00986,projtxt_cc0715e4af3cd36e,EDU,DUE,Standard Grant,741200,inst_c7118b576f4f,Northland Community & Technical College,person_1df8c9610c5a,0.0,1.0,0,multi_method_not_mmr,0.0,0.0,1,0,1,0,2,0,0,1,train,validation,test,train,train,train,0,0,0.28589436
24129,1933277,1933277,cleaned_awards,2019,1,methodkg_v3_01594,ann_01196,projtxt_0079014c8f062e74,EDU,DUE,Standard Grant,741200,inst_6c89eb934c4b,Tunxis Community-Technical College,person_1bfdf6e25b91,0.0,0.0,0,no_method_signal,0.0,0.0,0,0,0,0,3,0,0,0,train,test,test,train,train,train,0,0,0.32153177
24747,1953762,1953762,cleaned_awards,2020,1,methodkg_v3_01643,ann_00199,projtxt_bb48fe9fbbd8cb96,EDU,DUE,Standard Grant,"741200, 077Y00",inst_f71614a442b5,San Mateo County Community College District,person_c835e83edc11,1.0,1.0,1,explicit_mmr,1.0,1.0,1,1,1,1,0,1,1,1,train,test,test,validation,validation,train,1,1,0.70808744
24783,1955896,1955896,cleaned_awards,2020,1,methodkg_v3_01646,ann_01926,projtxt_4b1266e7518aee6c,EDU,DUE,Standard Grant,741200,inst_35df76c31648,Oklahoma State University,person_2f8d947f8477,0.0,1.0,0,qual_only,1.0,0.0,1,0,1,0,4,1,0,1,test,test,test,train,train,train,0,1,0.5031509
24832,2000442,2000442,cleaned_awards,2020,1,methodkg_v3_01650,ann_00953,projtxt_9d9897a72b84ff96,EDU,DUE,Standard Grant,741200,inst_a2c64398f9ee,Miami Dade College,person_06dee3ebe567,0.0,1.0,0,multi_method_not_mmr,0.0,0.0,1,0,1,0,2,0,0,1,test,test,test,train,train,train,0,0,0.41481134
24850,2000535,2000535,cleaned_awards,2020,1,methodkg_v3_01652,ann_01508,projtxt_b4fd403b3ee2f755,EDU,DUE,Standard Grant,741200,inst_1094b5c2dfc6,Columbus State Community College,person_0d862fd76565,0.0,1.0,0,quant_only,0.0,1.0,1,0,1,0,5,0,1,1,train,test,test,test,train,train,0,0,0.38504225
24858,2000573,2000573,cleaned_awards,2020,1,methodkg_v3_01653,ann_01265,projtxt_bb02493e45da4e98,EDU,DUE,Standard Grant,741200,inst_045faa3eeafa,CHABOT-LAS POSITAS COMMUNITY COLLEGE DISTRICT,person_c0beebce8b94,0.0,1.0,0,quant_only,0.0,1.0,1,0,1,0,5,0,1,1,validation,test,test,train,test,train,0,0,0.40863904
24862,2000583,2000583,cleaned_awards,2020,1,methodkg_v3_01654,ann_02003,projtxt_8db6bf522b0e4278,EDU,DUE,Standard Grant,741200,inst_6583be05df29,Tallahassee Community College,person_7fdf60e3329e,1.0,1.0,1,explicit_mmr,1.0,1.0,1,1,1,1,0,1,1,1,train,test,test,train,validation,train,1,1,0.60571253
24893,2000725,2000725,cleaned_awards,2020,1,methodkg_v3_01655,ann_01344,projtxt_ad42f18157401191,EDU,DUE,Standard Grant,741200,inst_9dca4326d0d5,Pennsylvania State Univ University Park,person_3db0a16f2757,0.0,1.0,0,multi_method_not_mmr,0.0,0.0,1,0,1,0,2,0,0,1,validation,test,test,train,train,train,0,0,0.22360899
24894,2000730,2000730,cleaned_awards,2020,1,methodkg_v3_01656,ann_01070,projtxt_74961d9da4331479,EDU,DUE,Standard Grant,741200,inst_179d12d7459c,Regents of the University of Michigan - Ann Arbor,person_9707471210fc,1.0,1.0,1,explicit_mmr,1.0,1.0,1,1,1,1,0,1,1,1,validation,test,test,validation,train,train,1,1,0.7155573
24903,2000779,2000779,cleaned_awards,2020,1,methodkg_v3_01658,ann_01792,projtxt_8352fa0c929c04f6,EDU,DUE,Standard Grant,741200,inst_b0164d46a195,Purdue University,person_d0ae552d6f48,1.0,1.0,1,explicit_mmr,1.0,1.0,1,1,1,1,0,1,1,1,train,test,test,train,train,train,1,1,0.5648618
24904,2000786,2000786,cleaned_awards,2020,1,methodkg_v3_01659,ann_01115,projtxt_d8f480b8008742d2,EDU,DUE,Standard Grant,741200,inst_5fa4012c76e2,Bridgerland Applied Technology College,person_84301c03df94,0.0,0.0,0,no_method_signal,0.0,0.0,0,0,0,0,3,0,0,0,test,test,test,train,train,train,0,0,0.26180443
24906,2000799,2000799,cleaned_awards,2020,1,methodkg_v3_01660,ann_00287,projtxt_8db6bf522b0e4278,EDU,DUE,Standard Grant,741200,inst_7826cae9503e,Florida State University,person_6b40726da4ce,1.0,1.0,1,explicit_mmr,1.0,1.0,1,1,1,1,0,1,1,1,train,test,test,train,validation,train,1,1,0.5794495
24915,2000866,2000866,cleaned_awards,2020,1,methodkg_v3_01662,ann_00848,projtxt_07bb8f0e1d6e4563,EDU,DUE,Standard Grant,741200,inst_6c89eb934c4b,Tunxis Community-Technical College,person_c6035d5affed,0.0,1.0,0,multi_method_not_mmr,0.0,0.0,1,0,1,0,2,0,0,1,train,test,test,train,train,train,0,0,0.34793878
24919,2000887,2000887,cleaned_awards,2020,1,methodkg_v3_01663,ann_00363,projtxt_8cb063097dfb6732,EDU,DUE,Standard Grant,741200,inst_2c5c4bf2afa2,County College of Morris,person_af07fdaa6161,0.0,1.0,0,quant_only,0.0,1.0,1,0,1,0,5,0,1,1,train,test,test,train,validation,train,0,0,0.32214817
24920,2000888,2000888,cleaned_awards,2020,1,methodkg_v3_01664,ann_01237,projtxt_8352fa0c929c04f6,EDU,DUE,Standard Grant,741200,inst_1e1b9a3461ef,Ivy Tech Community College of Indiana,person_4f4acc091f1e,1.0,1.0,1,explicit_mmr,1.0,1.0,1,1,1,1,0,1,1,1,train,test,test,train,train,train,1,0,0.3665965
24971,2005898,2005898,cleaned_awards,2020,1,methodkg_v3_01671,ann_01595,projtxt_b1f95fa3e4d238f6,EDU,DRL,Standard Grant,"152Y00, 725900",inst_1af48b1011e3,Trustees of Boston University,person_360149c54626,0.0,1.0,0,quant_only,0.0,1.0,1,0,1,0,5,0,1,1,train,test,test,train,train,train,0,1,0.7712981
25585,2037403,2037403,cleaned_awards,2020,1,methodkg_v3_01743,ann_02072,projtxt_6660b04cadc1652e,EDU,DUE,Standard Grant,741200,inst_4d9208063228,Eastern Iowa Community College,person_5642772113ec,0.0,1.0,0,multi_method_not_mmr,0.0,0.0,1,0,1,0,2,0,0,1,train,test,test,test,train,train,0,0,0.41160935
25594,2037809,2037809,cleaned_awards,2020,1,methodkg_v3_01744,ann_01806,projtxt_32952c460a095f4b,EDU,DUE,Standard Grant,741200,inst_79068178781a,Clemson University,person_43c236283f7f,1.0,1.0,1,explicit_mmr,1.0,1.0,1,1,1,1,0,1,1,1,train,test,test,train,train,train,1,1,0.6192373
25703,2113261,2113261,cleaned_awards,2020,1,methodkg_v3_01826,ann_00897,projtxt_07bb8f0e1d6e4563,EDU,DUE,Standard Grant,741200,inst_c861b4d4b6ad,EDADVANCE,person_c6035d5affed,0.0,1.0,0,multi_method_not_mmr,0.0,0.0,1,0,1,0,2,0,0,1,train,test,test,train,train,train,0,0,0.4246932
26148,2055250,2055250,cleaned_awards,2021,1,methodkg_v3_01776,ann_00868,projtxt_04722a9a9f318893,EDU,DUE,Standard Grant,741200,inst_cb0ada7177b2,Prince George's Community College,person_8cb65f4f4d9c,0.0,0.0,0,no_method_signal,0.0,0.0,0,0,0,0,3,0,0,0,validation,test,test,validation,test,train,0,0,0.25970244
26151,2055288,2055288,cleaned_awards,2021,1,methodkg_v3_01777,ann_00146,projtxt_b7b708bbee0a531c,EDU,DUE,Standard Grant,741200,inst_42eabe8933c4,Wake Technical Community College,person_0a9d92a1a6c6,1.0,1.0,1,explicit_mmr,1.0,1.0,1,1,1,1,0,1,1,1,train,test,test,train,test,train,1,0,0.30317342
26207,2100029,2100029,cleaned_awards,2021,1,methodkg_v3_01787,ann_00989,projtxt_4777dfa70dc91073,EDU,DUE,Standard Grant,741200,inst_d2b442f8f9c5,University of Wisconsin-Madison,person_afe8c8d360a0,1.0,1.0,1,explicit_mmr,1.0,1.0,1,1,1,1,0,1,1,1,test,test,test,train,train,train,1,1,0.65075994
26210,2100062,2100062,cleaned_awards,2021,1,methodkg_v3_01788,ann_02290,projtxt_62d4a8b113079ea1,EDU,DUE,Standard Grant,741200,inst_b4adc86a55de,Hofstra University,person_466b9d39c7be,1.0,1.0,1,explicit_mmr,1.0,1.0,1,1,1,1,0,1,1,1,validation,test,test,train,train,train,1,0,0.4335677
26228,2100149,2100149,cleaned_awards,2021,1,methodkg_v3_01793,ann_02385,projtxt_b400e59d6e899efb,EDU,DUE,Standard Grant,741200,inst_8d70acbca079,COMPTON COLLEGE,person_7eb852be971d,0.0,1.0,0,qual_only,1.0,0.0,1,0,1,0,4,1,0,1,train,test,test,train,validation,train,0,0,0.48393804
26798,2122985,2122985,cleaned_awards,2021,1,methodkg_v3_01859,ann_01807,projtxt_37ffffa453bdff20,EDU,EES,Standard Grant,913100,inst_93ce25583517,Tuskegee University,person_034a75e2d696,0.0,1.0,0,quant_only,0.0,1.0,1,0,1,0,5,0,1,1,train,test,test,train,validation,train,0,0,0.46294352
27807,2201993,2201993,cleaned_awards,2022,1,methodkg_v3_01999,ann_02101,projtxt_2f4fd8add58db18a,EDU,DUE,Standard Grant,741200,inst_3c8307aa59a1,Lakeshore Technical College,person_4108bb6ec6bd,0.0,1.0,0,multi_method_not_mmr,0.0,0.0,1,0,1,0,2,0,0,1,train,test,test,train,train,train,0,0,0.391204
27848,2202156,2202156,cleaned_awards,2022,1,methodkg_v3_02000,ann_00917,projtxt_c6c6e70bff78d798,EDU,DUE,Standard Grant,741200,inst_4e0897528491,Trocaire College,person_3bcf50c0ef5d,0.0,1.0,0,qual_only,1.0,0.0,1,0,1,0,4,1,0,1,train,test,test,validation,train,train,0,0,0.35398188
27850,2202169,2202169,cleaned_awards,2022,1,methodkg_v3_02001,ann_01902,projtxt_f50ac8fcdd6771fb,EDU,DUE,Standard Grant,741200,inst_0f6a17d8c539,IMPACT ALLIES INC,person_89a14a9bf1a7,1.0,1.0,1,explicit_mmr,1.0,1.0,1,1,1,1,0,1,1,1,train,test,test,test,validation,train,1,1,0.5162707
28146,2219522,2219522,cleaned_awards,2022,1,methodkg_v3_02033,ann_01396,projtxt_35ec6a8146a5442e,EDU,DUE,Standard Grant,913100,inst_5036342c9785,Jackson State University,person_0ca4a145018e,0.0,1.0,0,multi_method_not_mmr,0.0,0.0,1,0,1,0,2,0,0,1,test,test,test,validation,train,train,0,0,0.29897353
28451,2247026,2247026,cleaned_awards,2022,1,methodkg_v3_02115,ann_01754,projtxt_0079014c8f062e74,EDU,DUE,Standard Grant,741200,inst_c861b4d4b6ad,EDADVANCE,person_1bfdf6e25b91,0.0,0.0,0,no_method_signal,0.0,0.0,0,0,0,0,3,0,0,0,train,test,test,train,train,train,0,0,0.35355836
29057,2300744,2300744,cleaned_awards,2023,1,methodkg_v3_02132,ann_01661,projtxt_85c7f05237212f83,EDU,DUE,Standard Grant,741200,inst_395d5aa36bfc,Arkansas State University - Newport,person_b8977bb2c1f8,0.0,1.0,0,quant_only,0.0,1.0,1,0,1,0,5,0,1,1,train,test,test,train,train,train,0,0,0.34247676
30261,2348835,2348835,cleaned_awards,2024,1,methodkg_v3_02270,ann_01212,projtxt_4d12bed9e01e1cfb,EDU,DUE,Standard Grant,741200,inst_d490467911c7,Lake Land College,person_ac46a7ef0e78,1.0,1.0,1,explicit_mmr,1.0,1.0,1,1,1,1,0,1,1,1,train,test,test,train,train,train,1,0,0.29434374
30335,2400347,2400347,cleaned_awards,2024,1,methodkg_v3_02275,ann_00730,projtxt_7146eafa2fbf9322,EDU,DUE,Standard Grant,741200,inst_855319a21d4c,Waubonsee Community College,person_90b4a19113da,0.0,1.0,0,quant_only,0.0,1.0,1,0,1,0,5,0,1,1,train,test,test,train,validation,train,0,0,0.28272438
30358,2400478,2400478,cleaned_awards,2024,1,methodkg_v3_02278,ann_00811,projtxt_ba04ce010067dfbe,EDU,DUE,Standard Grant,741200,inst_46b840b920b2,Butte-Glenn Community College District,person_cba2c2188ea1,1.0,1.0,1,explicit_mmr,1.0,1.0,1,1,1,1,0,1,1,1,train,test,test,train,test,train,1,0,0.31991845
30940,2422319,2422319,cleaned_awards,2024,1,methodkg_v3_02366,ann_00924,projtxt_e3c6705e7938937a,EDU,DUE,Standard Grant,913100,inst_12dda80ab501,"Georgia State University Research Foundation, Inc.",person_056f035c3716,0.0,1.0,0,quant_only,0.0,1.0,1,0,1,0,5,0,1,1,train,test,test,train,train,train,0,1,0.81314814
31721,2500654,2500654,cleaned_awards,2025,1,methodkg_v3_02409,ann_00679,projtxt_c82ca4d99a11ab0d,EDU,DUE,Standard Grant,741200,inst_ca7e930b6a42,Palm Beach State College,person_b61c18174f97,0.0,1.0,0,multi_method_not_mmr,1.0,1.0,1,0,1,0,2,1,1,1,train,test,test,train,train,train,0,0,0.3903432
31722,2500655,2500655,cleaned_awards,2025,1,methodkg_v3_02410,ann_00759,projtxt_c82ca4d99a11ab0d,EDU,DUE,Standard Grant,741200,inst_5965f06fba03,Florida Atlantic University,person_22018bb1a6c8,0.0,1.0,0,multi_method_not_mmr,1.0,1.0,1,0,1,0,2,1,1,1,train,test,test,train,train,train,0,1,0.5186061
31738,2500848,2500848,cleaned_awards,2025,1,methodkg_v3_02411,ann_01325,projtxt_3bf1ccbf90403c32,EDU,DUE,Standard Grant,"741200, 241Y00",inst_f778e73be808,Northern Virginia Community College,person_ee63c88daf21,1.0,1.0,1,explicit_mmr,1.0,1.0,1,1,1,1,0,1,1,1,train,test,test,train,train,train,1,0,0.3413898
31739,2500849,2500849,cleaned_awards,2025,1,methodkg_v3_02412,ann_02487,projtxt_3bf1ccbf90403c32,EDU,DUE,Standard Grant,"741200, 241Y00",inst_b416a3f933ef,University of Colorado at Boulder,person_0311d0a5dcc2,1.0,1.0,1,explicit_mmr,1.0,1.0,1,1,1,1,0,1,1,1,train,test,test,train,train,train,1,0,0.45656714
32067,2526905,2526905,cleaned_awards,2025,1,methodkg_v3_02465,ann_01942,projtxt_24a3b3b1cd4ddbb1,EDU,DUE,Standard Grant,913100,inst_cd91a6c03ed5,University of California - Merced,person_6adb01673c5c,0.0,0.0,0,no_method_signal,0.0,0.0,0,0,0,0,3,0,0,0,train,test,test,train,train,train,0,0,0.38141447
